review_id,puskesmas_id,puskesmas_name,wilayah,rating,stratum,review_text
PKM_SMG_037_R0100_3fd45573,PKM_SMG_037,Karanganyar,Semarang,2,Semarang | sedang | 2★,"pelayanan tidak ramah, saya sarankan harus tetap senyum kepada pasien,tp ini judes banget. Yang duduk di dekat timbangan, menghadap ke pintu poli umum"
PKM_BTL_002_R0554_2a510c6c,PKM_BTL_002,Banguntapan 1,Bantul,2,Bantul | panjang | 2★,"Bagian Poli batuk pelayanan nya kurang teliti, nunggu periksa dari pendaftaran sampai dapat obat hampir 3 jam , capek2 nunggu di selang terus sama yg baru datang . (Padahal yg baru datang juga gak daftar online) sama2 pasien offline"
PKM_BTL_013_R1339_f9b8b066,PKM_BTL_013,Kasihan 1,Bantul,1,Bantul | sedang | 1★,"Kecewa dengan pelayanannya,, disuruh nunggu agak lama ,mau minta surat dokter aja gak dikasih,alasannya gak ada dokternya pdahal jelas sakit"
PKM_SBY_009_R0436_ae8b8b18,PKM_SBY_009,Jemursari,Surabaya,2,Surabaya | pendek | 2★,Pelayanan sangat buruk
PKM_SBY_003_R0226_6ae58665,PKM_SBY_003,Banyu  Urip,Surabaya,1,Surabaya | panjang | 1★,"Di bagian KIA itu parah,,,perawat /berseragam resmi,,,ngomong aja,,,gk tanggap terhadap pasien,,,,,seakan ''mereka gk butuh pasien,,,,,,Tp yg butuh pasiennya, tambah yg lbh tanggap yg beseragam biasa,,tolong lebih  di perbaiki kinerjannya,,,biar pasien tertolong bukan di biarkan saja"
PKM_SBY_058_R0503_0177b7a1,PKM_SBY_058,Tambakrejo,Surabaya,1,Surabaya | panjang | 1★,"saya bertemu orang yang sakit batuk dan dadanya sakit udah sebulan minta surat rujukan tidak dikasih, cuma di kasih obat 1 macam obat kunyah antasida doen padahal mama saya yang sakit maag diberi obat tersebut katanya untuk maag. Mohon pemerintah memperhatikan pelayanan kesehatan masyarakat, baik yang menggunakan bpjs maupun yang tidak."
PKM_SMG_015_R0517_b3133a1f,PKM_SMG_015,Krobokan,Semarang,2,Semarang | panjang | 2★,"Pelayanan kurang baik, komunikasi perawat dan dokter terhadap pasien tidak ramah sama sekali.
Saran: sebaiknya komunikasi kepada pasien lebih di ramahkan ,karna pasien yang sedang sakit apabila dilayani dengan baik akan membuat pasien nyaman. Semoga kritik saran ini menjadi masukan ya... Stay safe and stay healthy"
PKM_SBY_009_R0442_eee0d7b0,PKM_SBY_009,Jemursari,Surabaya,1,Surabaya | sedang | 1★,Mohon di perhatikan lagi jika memang sedang ada maintanance atau perbaikan gedung puskesmas lebih baik tutup dari pada tetap mengusahakan pelayanan tapi tidak ada kenyamanan
PKM_SBY_050_R0439_5c0454c6,PKM_SBY_050,Perak Timur,Surabaya,1,Surabaya | sedang | 1★,Pelayanan sangat buruk. Padahal daftar online dari jam 6. Berangkat jam 7 sampai setengah 10 belum di panggil ! Tolong segera di benahi
PKM_BTL_004_R0681_b1a1b0fb,PKM_BTL_004,Banguntapan 3,Bantul,2,Bantul | sedang | 2★,Pelayanan lambat sekali entah masih manual atau gimana sistemnya..mohon diperbaiki demi kebaikan bersama dalam melayani masyarakat 🙏
PKM_SMG_007_R0043_debea338,PKM_SMG_007,Genuk,Semarang,2,Semarang | panjang | 2★,"waktu itu saya daftar buat preksa, nama nya jg orang sakit kan ya lemes gitu, ga kuat berdiri lama, nah setelah saya kasi ktp saya duduk, karna saya lemes, dan saya waktu itu salah denger, eh gtau nya sana mala pake nada agak tinggi huhu sedih.
dan epic nya, setelah pulang dari puskesmas saya pingsan dan muntah di jalan, dan di larikan ke nayaka, untuk mendapat pertolongan pertama, yaitu uap dan suntikan, kata di puskesmas baik"" aja cm butuh istirahat dan minum yang banyak
semoga kalo kesana lagi ga dapet prilaku yang sama ya, iya tau ko gratis🙏🙏🙏🙏🙏🙏🙏🙏"
PKM_SBY_028_R0264_a3f1cb2e,PKM_SBY_028,Wonokromo,Surabaya,1,Surabaya | sedang | 1★,"pelayanan buruk, antri terlalu lama, mba mba nya banyak yang gasopan, sinis klo jawab dan ga ramah, orang klo ga denger kepanggil teriak"" dari dalam terkesan ga sopan sekali"
PKM_SBY_007_R0565_6ec1461c,PKM_SBY_007,Gunung  Anyar,Surabaya,1,Surabaya | sedang | 1★,lama sekali pelayanan nya gak tau manggil pasien nya lama banget tlong dong d perbaiki kasian yg sakit yg kerja pada lama nunggu nya
PKM_SMG_008_R0298_2c1246a3,PKM_SMG_008,Gunungpati,Semarang,2,Semarang | pendek | 2★,"Apoteker gak teliti kecewa, obat bisa ketuker"
PKM_SBY_002_R0033_509781c1,PKM_SBY_002,Bangkingan,Surabaya,1,Surabaya | sedang | 1★,"Gedung dan staff sama-sama kurang baik. Setidaknya jika gedung kurang baik, berikan pelayanan yg terbaik.

Mohon refresh kelilmuan mengenai alur dan peraturan BPJS."
PKM_SBY_003_R0414_1856dad0,PKM_SBY_003,Banyu  Urip,Surabaya,1,Surabaya | sedang | 1★,Lelet sekali pelayanannya. Disuruh balik berulang kali.
PKM_SMG_026_R0202_509c0b59,PKM_SMG_026,Pandanaran,Semarang,1,Semarang | panjang | 1★,"Pustaka Pandanaran kalo ngasi info yg jelas lah.
Layanan sampe sore itu yg dilayani apa aja, layanan2 tertentu itu jadwalnya kapan.
Biar gak kecele udh jauh2, buru2 tp info yg kita dpt dari WA Pustaka nya gak valid."
PKM_SBY_023_R0282_f631b0d3,PKM_SBY_023,Sawahan,Surabaya,1,Surabaya | pendek | 1★,Petugas tidak ramah dan antriannya tidak jelas
PKM_SMG_029_R0046_eb91e05d,PKM_SMG_029,Pudakpayung,Semarang,1,Semarang | sedang | 1★,"Dari jkn jam pelayanan bulan puasa sampai jam 15.15, tapi tutup pelayanan jam 14.45, dokter e wes balik, maksud e piye rek kui. Tiwas mlayu-mlayu ijin seko gawean, malah rak iso prikso."
PKM_SMG_010_R0001_849bfca9,PKM_SMG_010,Kagok,Semarang,2,Semarang | panjang | 2★,"Pada pagi hari ini (11 mei 2026) skitar pukul 07.22 pertama petugas wanita berkacamata di pendaftaran awal JUDES, ke-2 pada saat cek tensi (petugas yg duduk dekat timbangan & tinggi badan) mendahulukan pasien yg terlihat mampu (krn pakai emas) pdhl pasien tersebut 1 nomor setelah sy & dia dtg 10 mnit setelah sy dtg.. tp dia di panggil duluan drpd sy yg dtg lebih awal.. ke-3 dokter laki2 di ruang pemeriksaan umum pojok (dekat laboratorium) mimik wajahnya tidak ramah & tidak mencerminkan kepribadian seorang dokter yg hrs ramah d fasilitas publik. Smoga ada perbaikan dari pihak PUSKESMAS KAGOK SEMARANG"
PKM_SBY_014_R0545_ed88b809,PKM_SBY_014,Klampis  Ngasem,Surabaya,1,Surabaya | panjang | 1★,"Maaf nih beribu maaf
Saya mau mengajukan surat kesehatan untuk keperluan menikah di Surabaya, saya asli Madura Bangkalan
Perjalanan menuju Surabaya paling cepat 1.5 jam
Hari itu adalah hari Jumat, dan puskesmas tutup jam 9.30 pagi
Saya konfirmasi ke pihak puskesmas untuk memastikan jadwal analisnya ada
Dan ternyata jadwal analis belum muncul sampai jam 7.42 pagi
Saya buru-buru berangkat dari Madura dengan keadaan hujan lebat
Sesampainya di puskesmas pada jam 9.12
Saya langsung mengurus ke loket dan pangsung ke KIA
Nah masalahnya adalah tidak semua pegawai yg ada di puskesmas adalah orang muda yg cepat tanggap
Tetapi ada juga yg sudah termasuk lansia, jadi untuk pengoperasian komputer saja sangat lama
Lalu saya di suruh untuk cek lab dahulu
Di laboratorium saya sudah minta maaf berkali-kali tetapi pegawainya sangat cuek dan terkesan nyinyir
Saya sampai di tusuk 3 kali untuk mencari nadi saya
Karena pihak laboratoriumnya udah g fokus sama kerjaan dan udah pengen pulang aja
Lain kali saya sarankan
Untuk pelayanan publik mohon banget untuk pemerintah setempat memperhatikan hospitality nya
Karena pelayanan publik sasarannya adalah masyarakat biasa
Sekian dari saya"
PKM_BTL_006_R0096_757e8f41,PKM_BTL_006,Bantul 2,Bantul,2,Bantul | panjang | 2★,"untk pendftrn cepat, tp untuk bagian pemeriksaan lama syekali
entah di sambi ngobrol,mainan hp,dan untk nmr yg di panggil tdk datang2, shrsnya hrs antri lg dr belakang jgn lngsng masuk aj nerobos antrian
kasihan yg ikut antrii sblm nya"
PKM_SBY_033_R0340_049869f9,PKM_SBY_033,Dupak,Surabaya,1,Surabaya | pendek | 1★,Pelayanannya lama sekali ...
PKM_SMG_036_R0192_5940ffd8,PKM_SMG_036,Telogosari Wetan,Semarang,1,Semarang | sedang | 1★,"Dokter tidak informatif, ruang tunggu farmasi panas"
PKM_SMG_020_R1116_8689ef3d,PKM_SMG_020,Mijen,Semarang,2,Semarang | panjang | 2★,"Pelayanan resepsionis memuaskan, hanya saja di poli mtbs saya kira petugasnya perlu belajar lagi bagaimana cara mengedukasi dan memberikan konseling terhadap pasien yang baik dan santun. Tidak menggunakan kata2 yang dapat menyinggung serta terkesan merendahkan pasien. Saya masih ingat betul, saya dibilang tidak niat punya anak hanya karena saat itu saya tidak menggunakan baju yg busui friendly. Saya paham niatnya mau mengedukasi, tp nyatanya sbg pasien yg saya terima ucapan yang menyinggung. Seakan2 saya tidak layak menjadi ibu hanya krn saya berpenampilan sedikit niat dan rapih. Memangnya salah kalau saya berpenampilan baik, apakah seorang ibu harus berpenampilan compang camping pakai daster tidak perlu berias dll. Saya juga seorang tenaga kesehatan, yg juga memiliki tanggung jawab memberikan konseling dan mengedukasi pasien namun saya mengusahakan mengedukasi pasien tanpa menyinggung. Waktu periksa anak saya saat itu, anak saya menangis rewel dan petugasnya tidak menghiraukan malah meneruskan obrolannya dg nada mengintimidasi. Saya sampai ga habis pikir, semua kata2nya yg mengintimidasi masih saya ingat betul sampai detik ini. Bahkan wajahnya pun juga saya masi ingat. Semoga sakit hati saya tidak kemudian menyulitkan urusan anda ke depannya ya bu yg bertugas di poli mtbs"
PKM_SMG_006_R0400_1a2d15bb,PKM_SMG_006,Gayamsari,Semarang,1,Semarang | panjang | 1★,"Pelayanan Di KIA Buruk
Suami tidak boleh masuk untuk memantau perkembangan calon buah hati

Tolong di buat standart yang lebih baik lagi, kami juga para suami berhak memantau perkembangan calon anak

Buruk sekali
Sudah menunggu dari jam 8 sampai jam 10 giliran di priksa suami suruh menunggu di luar

Dengan alasan mau mriksa pasien lain

Ya buat ruangan lebih kalau mau CPT
Rak niat"
PKM_SMG_002_R0683_f105af05,PKM_SMG_002,Bangetayu,Semarang,1,Semarang | sedang | 1★,Saya periksa kok malah di ajak adu nasib sama dokter e . Gmna. Coba?? Ilmu boleh tinggi adab jangan di rendahin
PKM_SMG_022_R0831_ea3d5702,PKM_SMG_022,Ngaliyan,Semarang,2,Semarang | panjang | 2★,"permisi, sepertinya saya perlu berbicara atas kejadian yang sudah saya alami sebelumnya di bulan Mei. Kejadian di Poli Gigi
Saya sedang menjalani proses pencabutan gigi berminggu², sampai pada akhirnya saya cabut di akhir bulan Mei.
sebelum mnjelaskan lanjut, saya pengguna layanan BPJS pindahan faskes dr Bogor (rumah saya) ke Puskesmas Ngaliyan (domisili saya) krn keadaan.
Selama saya cek gigi di faskes Bogor menggunakan BPJS sudah hampir 6 tahun dulu untuk pembersihan gigi dll. alhamdulillah semua dilakukan dgn baik, tambal dan pembersihan plak dilakukan dgn baik tnpa ada cedera atau masalah.
lalu saya pindah domisili ke Ngaliyan, dn hrus memindah faskes BPJS saya ke daerah terdekat dr domisili saya, ya di Puskesmas Ngaliyan ini.
Singkatnya saya mau melakukan pencabutan gigi berlubang graham, saya sudah optimis karena ini pertama kali saya cabut gigi, tapi saya sangat kecewa karena setelah 1 bulan ini gusi saya masih berdarah terkadang, berdarah dlm jumlah yg mnurut saya banyak krn ini sdh 1 bulan lebih.
sampai kemarin saya cek gusi saya melalui cermin, saya sempat heran kenapa ada sesuatu yang seperti tertancap digusi pasca op cabut gigi? warnanya putih kusam, ada bagian patahan yg runcing, dan ada bercak gigi keropos..
lalu karena itu sgt menyakiti gusi, akhirnya saya cabut sendiri perlahan menggunakan pinset yg sdh d steril alkohol...
Dan... BENAR. ITU SISA POTONGAN GIGI YANG TERTINGGAL SEJAK OPERASI CABUT GIGI.
kaget jujur, ini pertama kali bagi saya, dan membekas trauma buat saya sekarang.
pertanyaannya, ""kenapa dokter gigi tidak mengecek dengan teliti gusi saya?"". apakah krn pengguna BPJS kah? atau karena apa ya? krn klinik faskes saya di kota Bogor tdk pernah sprti ini ketika ayah saya cabut gigi disana, hasilnya bersih.

berarti ini sudah 1 bulan lebih potongan kecil giginya ada di gusi, dan melukai gusi yg terus meradang.
tindakan lanjut waktu itu di pertengahan pasca op saya kembali dtg ke puskesmas, tp saya hanya diyakinkan kalau itu sakit biasa pasca cabut gigi (TDK DI CEK SAMA SEKALI).
dan ?? gimana ini? tolong responnya.

ini termasuk tindakan yg perlu ditanggapi pihak puskesmas, karena operasi kecil semacam ini jg masih berbahaya kalau asal²an ditanggapi.
bagaimana kalau ternyata ada pasien lain yg mengalami dan tidak tahu ada masalah apa pada giginya? infeksi atau smacamnya adalah sebuah kehidupan yg buruk.

bintang 2, krn jujur pelayanan antre dan sistem penanganan penjelasan dokter jg sangat baik. cmn saya kecewa atas tindakan yg terjadi ke saya.

mohon maaf jika saya upload di Ulasan umum. terimakasih tolong lebih bijak lagi.

berikut bukti sisa potongan gigi yg saya cabut sndiri,"
PKM_SBY_041_R0178_78b95a4a,PKM_SBY_041,Krembangan Selatan,Surabaya,1,Surabaya | panjang | 1★,"Pelayanan bobrok, mama saya dapat surat dari dokter specialis untuk berobat di soewandi, tinggal mengeluarkan surat rujukan, susahnya dengan berbagai alasan, bilang ada obat dll, pdhal diagnosa dermatitis atopik, hingga saat ini tidak ada kemajuan terhadap mama saya, saya juga pernah sampai riwariwi sebulan tidak sembih sama sekali, sampai akhirnya saya brobat sndiri ke dokter specialis, sekali saja sudah sembuh. Tapi di puskesmas ini sampai sebulan lebih, ganti obat macam"", tidak ada kemajuan. Sekarang saya pindah puskesmas. Tinggal mama saya yang belum pindah"
PKM_SBY_029_R0311_802566cc,PKM_SBY_029,Asemrowo,Surabaya,2,Surabaya | panjang | 2★,"Sekarang pelayanan nya gak kayak dulu dulu dokternya ramah2 dan telaten,, knpa pasen batuk pilek gak ada pemeriksaan ,, klo gak d periksa mana tau pasen ini sakitnya apa udah 3 hari batuk belum sembuh ,, mana obat sudah habis,,tolong dong pelayanan kepada pasen batuk dan pilek d periksa lebih lanjut jgn di kira pasen batuk pilek itu covid trsss"
PKM_BTL_002_R0718_3d7c36e9,PKM_BTL_002,Banguntapan 1,Bantul,1,Bantul | panjang | 1★,"Kecewa berat.. Bawa bayiku yg demam tinggi berobat kesana.. Tp mlh dicuekin dan disuruh nunggu dipanggil, sampe 1/2jam g dipanggil jg pdhal didlm ruang periksa sdh kosong. Akhirnya milih ke rmh sakit langsung krn kondisi sdh gawat."
PKM_BTL_004_R0701_c6272259,PKM_BTL_004,Banguntapan 3,Bantul,2,Bantul | panjang | 2★,"Apakah memang alur utk mendapatkan rujukan harus menunggu waktu hingga 3 hari?
Sy priksa poli gigi, karna gigi bungsu sy tumbuh tdk sempurna dan menyebabkan gusi sekitarnya bengkak dan bernanah (akut). Kata dokter harus dicabut, bs dirujuk dgn alasan sarpras. Tp sy jg disarankan utk dicabut saat itu juga tp tdk bs ter cover bpjs dgn biaya cabut 500rb. Jd apakah memang sy hrus menunggu hingga 3 hari hny untuk mendapat rujukan?? Dan knp jika bs dilakukan tindakan di ppk 1 sy hrus bayar???"
PKM_SMG_020_R1113_09660cc7,PKM_SMG_020,Mijen,Semarang,1,Semarang | panjang | 1★,"Hari ini saya meriksakan anak saya di poli anak , nauzubillah pelayanan poli anaknya buruk ciri2 oranya pake kacamata tinggi masih muda dan sudah PNS, kok bisa aku periksa cari solusi malah di hujat dokter setan kali tuh,mana anak panas sama sekali gak diperiksa atau dipegang atau minimal dicek apa gitu, KOK TIDAK SAMA SEKALI, kok bisa seperti itu masih dipertahankan ,ternyata aku liat review nya banyak yang mengeluhkan manusia satu itu😒👹👹"
PKM_SMG_022_R1166_28705cfd,PKM_SMG_022,Ngaliyan,Semarang,1,Semarang | pendek | 1★,Ada igd nya kok g ada dokter jaganya?
PKM_SBY_001_R0215_665a9373,PKM_SBY_001,Balas  Klumprik,Surabaya,1,Surabaya | pendek | 1★,Pelayanannya sangat kurang...
PKM_SBY_009_R0186_52cb2709,PKM_SBY_009,Jemursari,Surabaya,1,Surabaya | panjang | 1★,"pelayanan tidak ramah, kalau memang tidak diperbolehkan menemani didalam bisa bicara baik"", tidak punya attitude, tidak seharusnya membentak, tidak hanya di saya saja tetapi di pasien sblmnya jg seperti itu"
PKM_SBY_011_R0399_32fae6d1,PKM_SBY_011,Kebonsari,Surabaya,2,Surabaya | panjang | 2★,"Saya priksa ke puskesmas ini baru pertama kali, menurut saya ada beberapa hal yang perlu diperbaiki:
1. Alur administrasi kurang jelas, tidak ada nomor antrian yg diberikan ke setiap pasien
2. Ruang pemeriksaan umum dengan ruang tunggu menjadi satu, sehingga tidak kondusif
3. Dokter hanya mengetes tensi darah tanpa dicheck stetoskop bagaiman detak jantung dan bagian lambung saya yg bermasalah (dan saya sudah menyampaikan hal tsb)
Sangat menyangkan pelayanan puskesmas seperti ini, mohon diperbaiki kedepannya."
PKM_SBY_055_R0189_f7318466,PKM_SBY_055,Sidotopo Wetan,Surabaya,2,Surabaya | panjang | 2★,"Fasilitas oke tapi pelayanan tolong juga diperbaiki. Ketika ada orang tanya sebaiknya dijawab dengan baik-baik tanpa suara meninggi dan dengan bahasa yg baik. Kita tau tidak hanya melayani 1-2 orang saja tapi itu memang kewajiban memberi pelayanan dan minta tolong dengan sikap baik.
Saat ini saya tanya ke bagian petugas seorang perempuan duduk dimeja pendaftaran /ambil nomor berhijab apakah anak bayi tindik itu ambil nomor sendiri atau hanya 1 nomor karena si ibu juga di poli KIA. Dan beliau menjawab dengan ketus ""kalau naik kereta itu kan bayar sendiri-sendiri meskipun tujuan sama"" . Untung saja gak saya bales omongan lihat usia ketika naik kereta.
Tolong ya jangan nyolot ketika ada org gak tau bertanya. Jawab baik-baik ya"
PKM_SBY_062_R0534_118db05f,PKM_SBY_062,Tenggilis,Surabaya,1,Surabaya | sedang | 1★,"Pelayanan jelek, petugas tidak ramah sama sekali...petugas kayak gitu lebih baik di ganti aja"
PKM_SMG_031_R0265_90af766b,PKM_SMG_031,Rowosari,Semarang,1,Semarang | pendek | 1★,"Pelayanan nya pol lama banget, ndak sat set"
PKM_SMG_032_R0609_a12170f6,PKM_SMG_032,Sekaran,Semarang,2,Semarang | pendek | 2★,Pelayanan nya lama banget
PKM_SBY_041_R0330_a524bb53,PKM_SBY_041,Krembangan Selatan,Surabaya,2,Surabaya | sedang | 2★,Saya kira hanya saya yg merasa kalau petugas loketnya tidak ramah.
PKM_BTL_014_R0340_90a6cfac,PKM_BTL_014,Kasihan 2,Bantul,1,Bantul | sedang | 1★,"Bidan pelayanan dikandungan parahh tidak ramah sekali ,,,,"
PKM_BTL_004_R0367_fd7e73e0,PKM_BTL_004,Banguntapan 3,Bantul,1,Bantul | pendek | 1★,antri obat lamaaaaa bgt
PKM_SBY_055_R0326_50f9c6ba,PKM_SBY_055,Sidotopo Wetan,Surabaya,1,Surabaya | panjang | 1★,"Pelayanan tidak memuaskan.. Antre dari jam 08.00 dipanggil jam 09.55 sampai poli Gigi ditolak dengan alasan faskes BPJS tidak sesuai.. Harusnya dari loket sudah diberi tahu kalo tidak bisa, kenapa pasien harus antre dulu sampe hampir 2 jam baru dikasih tau kalo tidak bisa berobat di puskesmas sidotopo wetan ?? Padahal saya KTP surabaya.. Kata Pak Eri dipermudah ?? Kenyataan nya ??"
PKM_SBY_045_R1092_7cfe7b03,PKM_SBY_045,Medokan Ayu,Surabaya,2,Surabaya | sedang | 2★,Tolong kepada pihak petugas dan manajemen puskesmas.. Antrian vaksin sangat menganggu hingga ke poli KIA. Kasihan Ibu hamil yg harus tergeser karena antrian vaksin menjubel di depan Poli KIA
PKM_BTL_025_R0964_cab761f6,PKM_BTL_025,Sewon 1,Bantul,1,Bantul | sedang | 1★,"Pelayanan sangat amat buruk sekali
Sering sekali kesini dan sering kecewa
Hari ini nanya baik2 sama bagian pendaftaran eh malah disemprot sama bapak sebelahnya
Makanya saya nanya krn gagtau pak"
PKM_BTL_003_R0306_1c9fb683,PKM_BTL_003,Banguntapan 2,Bantul,1,Bantul | pendek | 1★,SANGAT BIKIN EMOSI. PELAYANAN PALING BURUK.
PKM_SBY_059_R0944_b67b536b,PKM_SBY_059,Tanah Kali Kedinding,Surabaya,1,Surabaya | pendek | 1★,Laamaaaa orang sakit suruh nunggu 4 jam
PKM_SMG_009_R0540_ff88e492,PKM_SMG_009,Halmahera,Semarang,1,Semarang | sedang | 1★,bagian farmasi sangat lama sekali untuk pengambilan obat!! masa tinggal 1 org aja utk dipanggil lama banget? hampir setengah jam!! sebenernya karyawanya farmasinya ada berapa kok lama banget?!!
PKM_SBY_040_R0006_6011d8f5,PKM_SBY_040,Ketabang,Surabaya,1,Surabaya | panjang | 1★,"orang minta surat dokter untuk ijin kerja malah ga di bolehin dengan alasan sakit cuman pusing, lahhh saya periksa kesini ada keluhan lain bukan cuman pusing tapi demam kalo saya bisa kerja saya ga mungkin priksa, logikanya itu looo. saya priksa karna saya udah ga kuat masuk kerja mngknya minta surat dokter. dokter kok ribet pdhl saya yang sakit ini bukan nya sembuh malah nambahin pusing"
PKM_SBY_006_R0067_c8280ee7,PKM_SBY_006,Gayungan,Surabaya,1,Surabaya | sedang | 1★,"Pelayanan Dokter gigi bagus,PKPR,KIA bagus hanya di Poli Umum salah satu dokter judes banget dokter nya tidak punya empati...semoga dokter jahat cepet"" di pindah"
PKM_BTL_015_R0034_f93a7a5a,PKM_BTL_015,Kretek,Bantul,1,Bantul | panjang | 1★,"Antrian lama pollll, tidak ada antrian infeksius di app mobile JKN yang membuat antrian semakin lama, antrian obat juga sangat lama tidak efektif dan efisien karena petugas harus bolak balik ambil obat secara kolektif, antrian anak dan dewasa jadi satu membuat lama pelayanan, dan untuk dokter yang berjaga tidak banyak, mohon pelayanan untuk lebih di efektif dan di efisienkan supaya antrian tidak terlalu lama, cth : memasukkan antrian poli infeksius di aplikasi mobile JKN, pengambilan obat bisa dilakukan segera oleh pasien ketika selesai periksa supaya tidak mengantri lama lagi untuk pengambilan obat, untuk antrian balita dan dewasa di bedakan"
PKM_SBY_023_R0434_449db60d,PKM_SBY_023,Sawahan,Surabaya,1,Surabaya | panjang | 1★,Pelayanan sangat buruk sekali bahkan terburuk yang pernah saya alami. Istri saya hamil 6 bulan dan mempunyai riwayat darah tinggi. Ini pertama kali saya pake BPJS diharuskan minta rujukan dari puskesmas sawahan buat periksa ke rumah sakit dan diwajibkan cek darah. Antri on line buat cek darah dapat no 11 istri saya antar ke puskesmas jam 7.15 tapi masih belum mulai antrian. Begitu mulai antrian dikasi tau persiapan untuk KIA no 1 -.10. ditunggu sampai jam 9 kok lama gak dipanggil akhirnya istri tanya ke petugas ternyata sudah no 13 dengan alasan no 11 sudah dipanggil dan dilewati akhirnya disuruh antri lagi dengan no 35. Istri saya disalahkan. Kapan dipanggilnya? Diluar juga gak ada speaker buat pengumuman hanya petugas yang keluar masuk panggil antrian. Istri kecewa sudah antri diluar hampir 2 jam berdiri kondisi hujan dingin ramai orang dan tidak ada jaga jarak. Perlu digarisbawahi bahwa pelayanan sangat buruk terutama sistem antrian dan petugas sangat tidak mendukung. Perlu dirubah. Makasih
PKM_SBY_011_R0079_3bfece6f,PKM_SBY_011,Kebonsari,Surabaya,1,Surabaya | panjang | 1★,"Pelayanan gk ramah sama sekali,apa begitu cara seorang perawat/dokter memberi arahan kepada anak dengan nada tinggi dan dipermalukan depan banyak orang,gak selayaknya pelayan kesehatan,gatau diri banget, pelayanannya lemot banget ga lagi lagi saya kesini,kapok"
PKM_SMG_010_R0350_9f2fee2f,PKM_SMG_010,Kagok,Semarang,1,Semarang | pendek | 1★,Pelayanan tidak bagus.
PKM_SBY_019_R0122_63da1d21,PKM_SBY_019,Ngagel  Rejo,Surabaya,2,Surabaya | panjang | 2★,"Pelayanan farmasi luamaaaaa jam 8.20 sd 10 pagi = 1 jam stgh lebih blm d panggil2, smp sy ty 2x brgkl sy gak dgr waktu d panggil ternyata memang blm ada panggilan nama q. Saran sy mending pakai sistem nomer aja. Mhn d tingkatkan lebih pelayanan bag farmasi. Thx"
PKM_SMG_023_R0450_503a690e,PKM_SMG_023,Ngemplak Simongan,Semarang,2,Semarang | sedang | 2★,"Puskesmas Ngemplak Simongan pelayanannya lama, dari pemeriksaan, panggilan laboratorium - hasil keluar lama sekali waktu tunggunya. Untuk antrian obat juga lama. Sampai lelah yg nunggu antrian."
PKM_SBY_019_R0697_35905d2e,PKM_SBY_019,Ngagel  Rejo,Surabaya,1,Surabaya | sedang | 1★,Blom jam 5 aja udah mw pulang dokternya. Kl mw ngantri disuru dtg lagi besok pagi. Kl urgent2 jangan dateng ke sini lah. Bisa2 mati duluan pasiennya
PKM_SMG_011_R0269_d44562bf,PKM_SMG_011,Karangayu,Semarang,2,Semarang | sedang | 2★,"Kaget pertama kali kesini, minta surat keterangan sakit gak dikasih, asalan tidak mengeluarkan surat sakit
Padahal saya butuh buat ijin kerja."
PKM_SBY_017_R0556_0c33a759,PKM_SBY_017,Morokrembangan,Surabaya,1,Surabaya | sedang | 1★,"Pelayanan nya tidak ramah sama sekali apalagi bagian loket cuek ,klo telat dikit dimarahin 😤,nomer antrian 13 sampe jam 2 blom kelar"" lama panggilannya!"
PKM_SMG_009_R0638_c4e1ce81,PKM_SMG_009,Halmahera,Semarang,2,Semarang | sedang | 2★,"Untuk pelayanannya oke dari dokter hingga semua staf yg parah di bagian farmasi, kelamaan.
Bayi banyak yg rewel, panas juga tempatnya ga nyaman.
Untuk menginap ga disarankan disini."
PKM_BTL_013_R1087_04236871,PKM_BTL_013,Kasihan 1,Bantul,1,Bantul | sedang | 1★,"Tolong tukang parkir liarnya diberantas..
Waktu saya pulang dari puskes agak siangan, tukang parkirnya udah ngilang aja, dan uang recehan saya hilang di dashboard motor."
PKM_BTL_010_R0090_3b38b164,PKM_BTL_010,Imogiri 2,Bantul,1,Bantul | panjang | 1★,"aku ceritane ndandakke Untu neng puskesmas, tukange dandan Untu do Ra profesional babar blas, mung di delok terus di nei obat tok  ora di cek secara mendalam , di sontek kek di kapakke kek, giliran wes rampong tak Tompo matur nuwun do Ra semaur, antriane Yo suwene poll, nek komenanku Iki Ra di tanggapi , aku komplain neng dinkes"
PKM_BTL_002_R0281_2cb545e7,PKM_BTL_002,Banguntapan 1,Bantul,1,Bantul | sedang | 1★,Ngene kok kon negoro ne maju ganti staf ee kbh  wae
PKM_SBY_062_R0059_199097e4,PKM_SBY_062,Tenggilis,Surabaya,1,Surabaya | panjang | 1★,"Dokter gigi semoga dapat hidayah, songong ... Sudah nunggu dr jam 9, jam 11 sudah tidak melayani alasan alat sudah disteril, bukanfakes nya. Kalian itu dibayar buat nolong masyarakat, bukan buat bengong main hp."
PKM_BTL_025_R0969_f4e6222e,PKM_BTL_025,Sewon 1,Bantul,2,Bantul | sedang | 2★,Apakah di puskesmas ini ada fasilitas rawat inap ?
PKM_SBY_059_R0544_3e75470c,PKM_SBY_059,Tanah Kali Kedinding,Surabaya,1,Surabaya | sedang | 1★,sangat tidak memuaskan disini.. sudah tau pasien habis operasi tidak diberi surat istirahat malah cuma diberi surat berobat.. bukan begitu cara memanusiakan manusiaa..
PKM_SMG_006_R0489_939afbb2,PKM_SMG_006,Gayamsari,Semarang,1,Semarang | sedang | 1★,"Saya vaksin booster ke -2 pada tgl.27 Januari 2023, sampai sekarang tgl.27 Februari 2023 sertifikat vaksin belum muncul di peduli lindungi,Mohon pencerahannya 🙏🏿"
PKM_SBY_005_R0366_d45f8482,PKM_SBY_005,Dukuh  Kupang,Surabaya,2,Surabaya | panjang | 2★,"Pelayanan sudah cukup bagus tapi banyak yang perlu diperbaiki
- pelayanan obat lama, bisa sampai 1 jam lebih hanya untuk menunggu, mungkin bisa ditambah petugasnya
- penjelasan di poli KIA yang tidak detail, terkesan hanya memberikan penjelasan ketika ditanya"
PKM_SMG_010_R0340_6d72faf2,PKM_SMG_010,Kagok,Semarang,1,Semarang | panjang | 1★,"Udah nunggunya lama di umum. Pdahal sakitnya panas dingin menggigil,  pusing, mual, diare, badan kayak ketusuk batuk kok dikasih nya obat promag sma obat panas?  Obat pusing, batuk sma diare nya???  Tau gitu dirumah juga ada 😑 dan dokter nya bukan yg biasanya."
PKM_SBY_062_R0540_7408dbc1,PKM_SBY_062,Tenggilis,Surabaya,1,Surabaya | panjang | 1★,"Sungguh mengecewakan. Seumur hidup saya. Saya tidak akan kembali ke tempat ini lagi.
Pengalaman saya ini nyata terjadi. Saya bisa buktikan. Tadi pagi saya ke puskesmas berobat untuk saya, istri dan kedua anak saya pakai bpjs. Sesuai dgn aturan bpjs bahwa walaupun beda kota faskes tingkat pertama. Peserta bpjs berhak mendapat pelayanan periksa 3x. Dari awal saya sekeluarga sdh dipersulit. Lempar sana sini. Tp akhirnya saya sekeluarga bisa berobat disini, dgn saya menyampaikan hak saya sbg peserta bpjs. Utk anak saya ada yg hrs periksa lab. Tp hrs bayar. Saya sempat protes, tp krn saya beda kota utk faskes, jadi saya dikenakan biaya periksa lab.
Disinilah malapetaka itu terjadi. Anak saya yg usia 3,5 tahun diambil darah di tusuk jarum di lengan kanan. Dikira anak saya patung apa. Krn tdk ketemu otot besar di lengan kanan. Jarum yg sdh masuk di lengan anak saya dibelokan kanan kiri, diulang2 terus. Anda bisa bayangkan. Kita aja org dewasa kalo digitukan pasti sakit apalagi anak kecil. Saya protes. Kata susternya, ini lg cari2 pak. Anak kecil memang susah. Trus saya suruh cabut. Eh susternya masih cari2. Trus suster senior omong, kalo ga mau ya ga usah periksa. Jawaban apa itu. Suster apa ini.kok Seenaknya sendiri. Percuma bersumpah. Akhirnya dicabut. Trus masih ngeles lagi. Katanya sdh dapat uratnya. Gara2 saya protes jd ga keambil darahnya. Pdhl sdh jelas2. Saya melihat dgn mata kepala saya sendiri kalo dia ga ketemu urat darahnya. Akhirnya pindah ke tangan sebelah kiri. Dan sekali tancap geser dikit lgs dapat.
Mohon pihak yg berwenang bisa membaca keluhan saya. Suster2 yg tidak profesional dan belum pintar atau belum ahli. Jangan ditaruh di bagian ini. Ini namanya menyengsarakan kami pasien. Puskesmasnya bagus. Oknum nya yg buat jadi jelek krn tidak kompeten. Semoga saja bekas suntikan di lengan anak saya tidak terjadi pembengkakan atau iritasi. Jika terjadi, maka suter tersebut. Akan saya tuntut. Terimakasih"
PKM_SBY_005_R0896_fd402cf6,PKM_SBY_005,Dukuh  Kupang,Surabaya,1,Surabaya | sedang | 1★,"Kalau tidak urgent banget mending ke puskesmas atau klinik lain,disini ruwet dan lama padahal pasien cm sedikit"
PKM_BTL_019_R0356_8e3deb7f,PKM_BTL_019,Piyungan,Bantul,1,Bantul | sedang | 1★,"Pelayanan untuk korban kecelakaan sangat buruk, tidak ada dokter yg bertugas saat malam, tidak direkomendasikan untuk korban kecelakaan, orang habis kecelakaan malah ditanya aneh² . Payaahh"
PKM_SBY_013_R0443_9f4c7c3e,PKM_SBY_013,Keputih,Surabaya,1,Surabaya | panjang | 1★,Untuk yang ke 2 kalinya saya kesini dan terulang lagi kelewatan nomer antrian tanya katanya nunggu 5 antrian apanya dari tadi sudah lebih dari 5 antrian ini niat kerja apa tidak ya di sini saya nunggu udah hampir 1 jam waduh pemerintah harusnya ganti saja semuanya biar lebih meningkat kualitasnya kayak tidak niat kerja 👎
PKM_SBY_037_R0139_163e5129,PKM_SBY_037,Kalirungkut,Surabaya,1,Surabaya | panjang | 1★,"Kemaren pas tgl 12/03/25 bersama istri dan anak datang k puskesmas kalirungkut. Istri sedang hamil tua dan ada kendala pada kehamilannya yg mengharuskan istrht total dan tidak boleh bnyak jln. Datang k puskesmas untuk meminta surat rujukan, karena rujukan yg terakhir sudah hbis masa berlakunya. Selama kehamilan istri mendapat penanganan dri dokter spesialis d RSI Jemursari, sudah beberapa kali opname karena pernah rembes ketuban nya. Kita datang minta rujukan dg membawa surat rujukan yg lama serta hasil pemeriksaan dri dokter spesialis dri RSI Jemursari, dan ternyata d puskesmas diminta untuk cek lab dan pemeriksaan lain2 yg padahal keperluan hanya untuk minta surat rujukan saja. Seharusnya bisa langsung di buatkan karena jg waktunya untuk kontrol d RSI, d puskesmas istri diminta tes lab dan lain2 di suruh jln kesana kemari untuk urus smpe pucat n merasa kesakitan d perutnya. Akhirrnya saya langsung bicara dg perawat yg jaga d depan, bilang klo cuma minta rujukan dan hrus kontrol hari ini. Karena sudah terlalu lama menunggu sampai emosi marah2 dn perawat cuma bilang tidak bisa dan harus tes lab dll untuk rujukannya dan rujukan akan di berikan besok nya. Saya makin marah melihat kondisi istri yg mulai merasa kesakitan smbil teriak kalo gak bisa kasih rujukan ya sudah bilang saja setelah ini kita gk bakal gunakan faskes dsni lagi, jgan malah d persulit, padahal sudah tau kondisi kehamilan istri sedang bermasalah malah terkesan mengabaikan. Setelah saya marah2 gitu baru mau buatkan surat rujukan, dan langsung menuju k RSI Jemursari. Setelah tiba langsung d tangani dokter spesialisnya, kita cerita yg terjadi d Puskesmas dan dokternya berkata di surat hasil pemerikasaan kan sudah jelas tertulis lengkap, kondisi dan riwayat pasien, gimana sih orang puskesmas ini kan tinggal buat rujukan saja kenapa harus memeriksa lagi. Untung saja tidak terjadi apa yg mengkhawatirkan pada istri dan janin nya, dri sini mulai sadar kalo kualitas d puskesma kalirungkut sangat buruk dalam pelayanan dan juga buruk dalam fasilitas. Hampir 3 jam hanya untuk surat rujukan, sangat kecewa."
PKM_BTL_026_R0413_100bd48e,PKM_BTL_026,Sewon 2,Bantul,1,Bantul | pendek | 1★,Tidak ada ramah ramahnya
PKM_SBY_053_R0250_2a51a48b,PKM_SBY_053,Sememi,Surabaya,2,Surabaya | panjang | 2★,"Untuk tugas medis di bagian KIA bidannya ramah dan pelayanan bagus tapi sangat di sayangkan untuk bagian loket KIA KURANG SOPAN masak KTP blm di ambil di kelurahan di bilang "" belum di ambil apa DIGADAIKAN"" dengan nada dering sengit + di ulang 2 x.. lain kali jangan memandang orang dari TAMPANG dan PAKAIANNYA YA BU.. walaupun tampang kita kayak gembel tp isi rekening boleh di adu 🫢.."
PKM_SMG_022_R1131_b8300ad8,PKM_SMG_022,Ngaliyan,Semarang,2,Semarang | sedang | 2★,"Pelayanan swab antigen sangat lama, waktu yg dibutuhkan 2 kali klinik swasta"
PKM_SBY_057_R0069_ffdcc982,PKM_SBY_057,Simomulyo,Surabaya,1,Surabaya | panjang | 1★,"Cuma ada 1 oknum perempuan yang bikin saya bener2 sakit hati, saya BPJS jakarta, luka bakar dan salah penanganan kata rumah sakit yang saya dioperasi, bahkan pihak rumah sakit sampe geleng2 kepala liat penanganan luka bakar di puskesmas ini, gatau dia itu dokter atau siapa, dia juga yg bikin saya dioperasi di rumah sakit karena penanganan yang salah dengan luka bakar saya kata pihak rumah sakit, dan saya pun masih dipersulit dengan minta rujukan ke rumah sakit untuk kontrol, dijutekin dengan orang yang sama pelayanan apa kaya begitu, toh kalo memang peraturan saya ngerti, tapi ya ngomong yang enak arahkan di carikan solusi untuk pindah faskes kaya dokter yg periksa saya di puskesmas itu baik banget disarankan pindah faskes dikasih tau caranya, itu yang bener kalo anda kerja di bagian PELAYANAN MASYARAKAT!!!"
PKM_BTL_025_R0641_78cf9f8f,PKM_BTL_025,Sewon 1,Bantul,1,Bantul | panjang | 1★,Niat hati cari pertolongan pertama dan terdekat ke ugd malem2 kagak ada orgnya.. Beda bgt sama puskesmas kasihan 1  yg ugd selalu siap siaga utk pertolongan pertama benar2 24jam.. Lalu apa gunanya ada tulisan ugd.. Kek manaaaa
PKM_SMG_033_R1636_d369bfa9,PKM_SMG_033,Srondol,Semarang,1,Semarang | pendek | 1★,Petugas sangat tidak ramah
PKM_BTL_003_R0130_f00eefca,PKM_BTL_003,Banguntapan 2,Bantul,2,Bantul | sedang | 2★,"yang jaga bapak""di depan ngawur mau periksa pusing malah di kasih antrean ke ispa"
PKM_SBY_008_R0775_422c8f50,PKM_SBY_008,Jagir,Surabaya,1,Surabaya | sedang | 1★,Pelayanan komunikasi terhadap pasien mengecewakan sekali terutama bagian depan 👎.. Saran saja perlu di briefing soal take and service terhadap pasien
PKM_SBY_059_R0645_7bb01658,PKM_SBY_059,Tanah Kali Kedinding,Surabaya,2,Surabaya | sedang | 2★,"sumpah pelayanannya buruk banget, suamiku nanya biar mudeng malah jelasinnya ngotot banget pakek urat!!!"
PKM_SMG_025_R0226_804db81c,PKM_SMG_025,Padangsari,Semarang,1,Semarang | sedang | 1★,"Berobat disini pake bpjs gapernah sembuh, obatnya gapernah ada yang cocok
Nilai pelayanan 0 untuk KIA nya, dokter dan bidan kurang berpengalaman dan kurang profesional"
PKM_SBY_037_R0160_24add134,PKM_SBY_037,Kalirungkut,Surabaya,2,Surabaya | pendek | 2★,Jam operasional nya kl sabtu sampai jam 12 siang
PKM_BTL_007_R0086_5e05499c,PKM_BTL_007,Dlingo 1,Bantul,1,Bantul | sedang | 1★,"Pelayanan di ruang periksa 1 kurang dari kata ramah. (Galak,e pollll)"
PKM_SBY_025_R0165_0b15bfd1,PKM_SBY_025,Siwalankerto,Surabaya,2,Surabaya | sedang | 2★,"Kurang profesional..
Udah ada nomer antrian online tapi petugas medis tidak ada,"
PKM_SMG_019_R0140_26ab2a15,PKM_SMG_019,Manyaran,Semarang,1,Semarang | panjang | 1★,"Sudah daftar via pustaka untuk ke poli umum,  begitu datang ternyata terlewat 2 antrian. bapak2 yg gemuk dengan ketus dan nada membentak. ngomong besok lagi kalau datang pagi,daftar pustaka kok telat. padahal bisa diganti dengan bu besok lagi adik dibangunkan lebih pagi ya, supaya sesuai antriannya. (padahal kalau saya datang jam 7 dan mulai pelayanan jam 7.15 saya ga bentak2 petugas juga)
kok bisa beda banget ya pelayanannya dengan poli gigi yg begitu datang telat ataupun ga  telat dilayani dengan ramah.
kok bisa 1 puskesmas beda SOP

kalau memang aturannya beda kan bisa ya cetak banner untuk aturan masing2 tiap poli toh MMT murah kalau gamau cetak X banner"
PKM_BTL_014_R0048_59d10a2e,PKM_BTL_014,Kasihan 2,Bantul,1,Bantul | pendek | 1★,Parah... Pelayanan 👎
PKM_SBY_055_R0252_15a7b0b7,PKM_SBY_055,Sidotopo Wetan,Surabaya,2,Surabaya | panjang | 2★,Tmptnya sdh bagus dan bersih.. Tp knpa hari Minggu tdk ada dokter jaga.. Badan saya sdh 3 hari demam lalu Minggu siang ke sana.. Kt perugas disrh opname.. Karna yg ada hnya dokter utk rawat inap.. Utk rawat jalan tdk ada..Saya tdk mau opnane krna anak saya 3 dan bsk hrs sklh..Kalo mau hrs tunggu Senin.. Apakah orng sakit hrs ditunda sampe SENIN. MOHON DIPERTIMBANGKAN PELAYANAN UTK MASYARAKAT SEKALIPUN PAKE BPJS TP SAYA BPJS MANDIRI.. Terima kasih
PKM_SMG_022_R1093_71691bb9,PKM_SMG_022,Ngaliyan,Semarang,2,Semarang | sedang | 2★,"Blm dicek tensi kok udah tau tensi saya:"") waktu bilang blm cek tensi baru dipersilahkan, itu aja saya yg minta ke petugasnya:"" padahal waktu nunggu antrian juga dipanggil petugas tp ga dicek tensi"
PKM_BTL_013_R0025_25f931c5,PKM_BTL_013,Kasihan 1,Bantul,1,Bantul | sedang | 1★,"Belum selesai perbincangan, malah udh ninggalin pasien.
Meskipun tidak darurat tp itu tidak baik untuk sebuah “pelayanan”"
PKM_BTL_013_R1282_db1f0eec,PKM_BTL_013,Kasihan 1,Bantul,1,Bantul | panjang | 1★,"dari pelayanan depan diarahkan ke poli umum padahal sudha dikeluhkan ada batuk dan pusing, nunggu 2 jam, sampai di poli umum dilempar ke poli batuk, nunggu lagi lama lagi, orang disini mau pingsan bukan gara2 sakit tp nunggu lama gara2 alur tidak jelas"
PKM_SBY_044_R0094_46409581,PKM_SBY_044,Manukan Kulon,Surabaya,2,Surabaya | sedang | 2★,"di google tertulis buka 24 jam tapi pagi ini saya kesana ternyata pagar tertutup, padahal saya mau ke UGD😞, tolong beri info di google yang benar🙏"
PKM_SBY_059_R1098_eb04597d,PKM_SBY_059,Tanah Kali Kedinding,Surabaya,2,Surabaya | pendek | 2★,Rujukan bisa kemana saja ya??
PKM_BTL_014_R0368_806c2687,PKM_BTL_014,Kasihan 2,Bantul,1,Bantul | panjang | 1★,SELAMAT PAGI .PAK BUK PENGURUS PUSKES TOLONG PERHATIKAN PELAYANAN NYA PAK BUK  JGN ADA YANG KENAL MAKAH DIA DI DAHULUKAN KASIAN YANG BENER BENER MAU BEROBAT DAN YANG BENER2 SUDAH DATANG DARI AWAL . SAMPE ANTRI NO 12 PADAHAL DATANG JAM 5.30 BELUM ADA 1 PUN ORANG KOK BISA DAPET ANTRIAN BELASAN . TOLONG DI BRIPING LAGI . SAYA TAU ATURAN KASIAN YANG BENER2 MAU BEROBAT . PELAYANAN NYA NGAK BERUBAH2 DARI DULU . TETEP BEGINI .
PKM_BTL_023_R0386_7da49b32,PKM_BTL_023,Sedayu 1,Bantul,2,Bantul | pendek | 2★,Pelayanannya agak kurang ramah
PKM_SBY_056_R0222_28ac07c1,PKM_SBY_056,Simolawang,Surabaya,1,Surabaya | panjang | 1★,"Pelayanan di gigi sangat"" Buruk dan lamban sekali jga dokter bagian manggil di gigi sok sadis sya rasa gk cocok jdi dokter😡
Disana pdhal dokterx ada 3 yg bagian manggil 1 dokter periksax 2 tp gitu yg dipanggil pasienx cma 1 bikin greget klo ke gigi"
PKM_BTL_011_R0176_d2e60225,PKM_BTL_011,Jetis 1,Bantul,1,Bantul | panjang | 1★,"Pelayanan buruk.seminggu yll anter suami priksa telinga.. pagi2.Sama dokter di kasih parasetamol dan ctm.
Pulang...pasien msh kesakitan...
Lalu datang lg ke puskesmas...jam 3 sore..ke IGD.
Parasetamol dignti obat. Perawat bilang..puskesmas obatnya ya cm spt itu. Kalo msh sakit suruh ke RS.
Akhirnya ke RS ..telinga di korek²..sdh bernanah.di info kalo msh sakit sruh kontrol bawa rujukan dr puskms.
Trnyata k pskesmas jg susah mnta rujukan .knpa dr awal priksa tdk di korek2 telinganya????
Tidak dpt rujukan jugaaa..😪"
PKM_BTL_013_R1256_06e636ab,PKM_BTL_013,Kasihan 1,Bantul,1,Bantul | sedang | 1★,"Pelayanan tidak ramah, tidak jelas, dan tidak kompeten"
PKM_SBY_019_R0588_ff9409a8,PKM_SBY_019,Ngagel  Rejo,Surabaya,2,Surabaya | panjang | 2★,"Saya kemaren vaksin di mall, dan di beri surat yg mengatakan kalo suda vaksin dosis 3 oleh perawatnya, dan itu di tanggal 21 kemaren, sampe skrng di akun peduli lindungi saya kok belum masuk ya sertivikatnya? Tlg kak bantuanya ttimakasih"
PKM_SBY_017_R0537_7f7237c4,PKM_SBY_017,Morokrembangan,Surabaya,1,Surabaya | pendek | 1★,Belum pernah bronar di puskesmas
PKM_SBY_027_R0372_8b652299,PKM_SBY_027,Wiyung,Surabaya,1,Surabaya | panjang | 1★,"Mg lalu anter ortu umur 75 th swab ,hasil+  ,cuma dikasik obat btk, vit+paracetamol, sy tanya kok gada antivirus, krn ortu ada hipertensi, dokter situ blg omicron tdk perlu  antivirus, ternyata 1 mg kedpn ortu blm sembuh, malah skrg lemes + susah nelen gabisa mkn , parah nih dokternya ga becus semua !!!  Bikin orgtua tambah parah sktnya !!!"
PKM_SBY_012_R0279_713392fa,PKM_SBY_012,Kedurus,Surabaya,1,Surabaya | pendek | 1★,Apani tak sopan kali pelayanan nya
PKM_BTL_004_R0443_dd948f89,PKM_BTL_004,Banguntapan 3,Bantul,1,Bantul | panjang | 1★,"Review 3x berobat di puskesmas banguntapan III, belum ada yg memuaskan.

1. Antrian pendaftaran masih tidak disiplin karena selalu ada yang menyela antrian padahal sudah ada nomor antrian pendaftaran. seperti tidak ada yang petugas yang monitoring.

2. Jika anda datang utk pemeriksaan anak atau gigi dan ada keluhan bapil, tidak akan diizinkan ke poli KIA atau Gigi. tetapi akan diarahkan ke poli batuk dulu kemudian diberikan obat dan dipulangkan. apabila sudah sembuh bapilnya baru bisa datang lagi utk pemeriksaan ke poli2 tsb.

3. Poli batuk hanya melakukan screening dengan menanyakan keluhan dan langsung dikasih obat.

4. Poli gigi, 2x pemeriksaan petugas yang melakukan screening selalu tidak ramah dan ketus. Kunjungan yang kedua utk meminta rujukan saja, bahkan tidak diberikan.

5. Antrian penebusan obat juga lama dan pemberian obat tidak sesuai antrian.

Demikian pengalaman saya saat berobat di Puskesmas Banguntapan III.

Ini adalah pendapat pribadi saya bahwa pelayanan di Puskesmas manapun sepertinya masih jauh dari kata baik, jadi anda jangan berharap lebih utk mendapat pelayanan sesuai yanga anda mau jika anda memilih faskes Puskesmas. Lebih baik pilih faskesnya Klinik yg menerima BPJS daripada puskesmas.

Mudah-mudahan kritik ini dapat menjadi bahan evaluasi bagi pihak-pihak yang berwenang."
PKM_SMG_017_R0602_909c19c5,PKM_SMG_017,Lebdosari,Semarang,1,Semarang | panjang | 1★,"saya nunggu temen saya priksa. udh 2x kelewat antri, kmrn kelewat 7 antrian skrg antri D20 tp udh sampe D29 blm dipanggil. disamperin dl baru dipanggil🙏🏻  buat yg loket depan jgn lupa kl ada pasien disampein ke yg blkg biar ga kelewat. makasih"
PKM_SBY_045_R0018_ef405008,PKM_SBY_045,Medokan Ayu,Surabaya,1,Surabaya | panjang | 1★,"sistem antrian puskesmas medokan ayu kacau, pihak penerimaan dan kasir bilang kl pelayanan bedasarkan urutan kedatangan pasien, tapi setelah ke poli gigi para dokter gigi ngotot kalo urutan pelayanan bukan dari kedatangan tapi dari urutan nomor antrian, padahal urutan antrian kacau tidak jelas siapa yg dulu. 1 puskesmas kok beda beda penjelasanya, apa tidak pernah ada instruksi dari kepala puskesmas atau mmg staff nya yg kurang tanggap menangkap aturan

puskesmas medokan ayu perlu mencontoh pelayanan puskesmas lain"
PKM_SBY_035_R0164_8aa2e8cf,PKM_SBY_035,Gundih,Surabaya,1,Surabaya | pendek | 1★,Pelayan tidak memuaskan
PKM_SBY_035_R0228_977b3aac,PKM_SBY_035,Gundih,Surabaya,1,Surabaya | sedang | 1★,"untuk poli gigi masih kurang , padahal di dlm ada org nya tapi sampai stgh jam blm di panggil2 padahal antrian cman saya aja ,tlg di perbaiki🙏"
PKM_BTL_020_R0004_e77c7d09,PKM_BTL_020,Pleret,Bantul,1,Bantul | panjang | 1★,"Gk heran kalau bintangnya jelek. Pelayanan di pendaftaran pasien yg samping kasir, super judes. Ditanya baik2 jawabnya kek gk ikhlas bangeet... kog yo iseh dipertahankan yg seperti itu. Sayang banget.."
PKM_SBY_023_R0454_0d0b9f43,PKM_SBY_023,Sawahan,Surabaya,2,Surabaya | sedang | 2★,Seharusnya dibuatkan sistem antrian yg teratur. Karena yg antri di sini gerudukan. Tidak bisa maju satu persatu.
PKM_SBY_025_R0075_f212363d,PKM_SBY_025,Siwalankerto,Surabaya,1,Surabaya | pendek | 1★,Antrian lama udah tunggu 5 jam
PKM_SMG_009_R0732_db24069d,PKM_SMG_009,Halmahera,Semarang,1,Semarang | pendek | 1★,Banyak nyamuk. Rawat inap malah ngga bisa tidur
PKM_SBY_057_R0505_3e064bd6,PKM_SBY_057,Simomulyo,Surabaya,1,Surabaya | panjang | 1★,"Uda nggu lama di farmasi , 1 kloter yg ngumpulin kertas obat setelah sy di panggil, oke masih bisa menunggu 2 kloter setelah sy jg d panggil dan sy jg blm d pnggil sampek yg baru aja ngumpulin kertas d panggil sedangkan giliran sy gk di panggil"" dan ternyataaa kertas obatnya nyempil dong dan belum di siapkan"
PKM_SMG_020_R0546_383af1f5,PKM_SMG_020,Mijen,Semarang,2,Semarang | panjang | 2★,"Pelayanan umumnya cepat dan nyaman, namun untuk pelayanan giginya lama. saya datang lebih awal sebelum jam 7 dengan nomor antrian 20 kebawah namun antrian awal yg belum ada pasiennya tetap ditunggu. sehingga nomor bawah yg datang lebih awal tetap saja harus menunggu lama untuk menunggu nomor awal yg tidak ada orangnya."
PKM_BTL_004_R0442_3b8e3948,PKM_BTL_004,Banguntapan 3,Bantul,2,Bantul | sedang | 2★,Masa iya dateng untuk imunisasi tapi mencret gak dikasih obat
PKM_SBY_036_R0210_5b550683,PKM_SBY_036,Jeruk,Surabaya,1,Surabaya | sedang | 1★,Pelayanan sangat sangat sangat lambat apalagi poli KIA
PKM_BTL_005_R0630_c74e5307,PKM_BTL_005,Bantul 1,Bantul,2,Bantul | pendek | 2★,Bagian pendaftaran..gak bisa ramah sama pasien
PKM_BTL_023_R0132_1d750ddf,PKM_BTL_023,Sedayu 1,Bantul,1,Bantul | sedang | 1★,"Datang jan 7an dapat antrian 19 selesai jam 10an
19 antrian selama 3jam no gak urut 🙃"
PKM_SBY_047_R0399_cd20c9d4,PKM_SBY_047,Pacar Keling,Surabaya,1,Surabaya | panjang | 1★,Mohon di tingkat kan saya tadi nomer 57 sedangakan yg dI panggil di poli umum sudah 80 an sudah saya tanyakan ke loket katanya data saya ke poli umum terus saya ke poli umum gk ada data saya mungkin ke loket terus saya ke loket lagi kata loket data saya sudah di poli umum terus saya tanya lg ke poli umum katanya data nya sudah terumpuk nggk bisa cari data kalo gk bisa cari data buat pasien gk usah kerja ya mbak saya sangatt ke cewa
PKM_SBY_037_R0364_b21d4235,PKM_SBY_037,Kalirungkut,Surabaya,1,Surabaya | pendek | 1★,Pelayanan Lama banget
PKM_SBY_028_R0484_fc7e4e20,PKM_SBY_028,Wonokromo,Surabaya,1,Surabaya | pendek | 1★,Pelayanan pegawainya gak nyaman
PKM_BTL_011_R0177_530de929,PKM_BTL_011,Jetis 1,Bantul,1,Bantul | pendek | 1★,pelayanan buruk banget ga jelas
PKM_BTL_008_R0042_fe6e92d2,PKM_BTL_008,Dlingo 2,Bantul,1,Bantul | pendek | 1★,Pelayanan KIA Mengecewakan
PKM_SBY_013_R0553_426184ca,PKM_SBY_013,Keputih,Surabaya,1,Surabaya | sedang | 1★,"Puskesmasnya nggak sesuai prosedur. Masa saya nomor 1 tapi yg lain duluan yang masuk ke ruangan periksa poli gigi!
Kalau mau KOLUSI yang pinter dong!"
PKM_SBY_049_R0174_60ffd8ea,PKM_SBY_049,Peneleh,Surabaya,1,Surabaya | pendek | 1★,"lambattttttttt pake bgtt,"
PKM_SMG_025_R0038_67e13ea9,PKM_SMG_025,Padangsari,Semarang,1,Semarang | sedang | 1★,Kaya apotik ngk di periksa cuma tanya keluhan langsung di suruh ke farmasi
PKM_BTL_025_R0109_ce852d0f,PKM_BTL_025,Sewon 1,Bantul,1,Bantul | sedang | 1★,"puskesmas gratis, tapi bayarnya pake mental
kenapa sih harus ada pemeriksaan di puskesmas, ga cukup di obsgyn aja?"
PKM_SBY_034_R1166_86bd3c20,PKM_SBY_034,Gading,Surabaya,1,Surabaya | sedang | 1★,"Pelayanannya gak sopan,tidak di beri pengarahan malah menyalahkan"
PKM_BTL_023_R0331_5143021f,PKM_BTL_023,Sedayu 1,Bantul,2,Bantul | sedang | 2★,Entah rusak ato apa masih jadul aja..antiran pakai sebut nama di layar gg ada
PKM_SMG_035_R1146_eaffa58a,PKM_SMG_035,Telogosari Kulon,Semarang,1,Semarang | sedang | 1★,Bagian yg angkat telf apa gak ada ya.setiap kali telf ke sini g pernah di angkat sama sekali.kerja apa g itu
PKM_SBY_043_R0391_557a0ba4,PKM_SBY_043,Lontar,Surabaya,1,Surabaya | pendek | 1★,"Pelayanan tdk ramah, penjelasan tdk masuk akal"
PKM_BTL_003_R0302_8513a7f6,PKM_BTL_003,Banguntapan 2,Bantul,2,Bantul | sedang | 2★,Ni mbak mbak pelayanan buruk banget. Judes galak sibuk mainan hp. GAK MEMBANTU BANGET BUUUU
PKM_SBY_019_R0555_9391f97a,PKM_SBY_019,Ngagel  Rejo,Surabaya,2,Surabaya | panjang | 2★,"saat di poli umum dokternya bilang akan dikasih obat paracetamol utk penghilang nyeri pada lambung ibu saya.

saat di bag. farmasi dilayani oleh adek2 magang jas hijau, mereka malah ngasih obat sejenis kalsium. saya pertanyakan donk kegunaan kalsium untk penyakit lambung ibu saya. terus mereka bilang obatnya abis. Loh... loh.... loh.... kalo abis ya bilang abis donk jangan kasih obat lain yg gk nyambung.

untung ada ibu2 petugas puskesmas di belakang mereka yang teriak KALO ABIS YA AMBIL DOONNKKK DILEMARI."
PKM_BTL_026_R0017_227ab68a,PKM_BTL_026,Sewon 2,Bantul,1,Bantul | panjang | 1★,"Puskesmas pelayanan jelek mau minta rujukan aja di persulit , makanya saya mending bayar daripada ribet
Pertama kali periksa kandungan disini ibunya yg cek BB judes bgt saya bilang kalo mau periksa di dr kandungan tp sana malah bilang nanti mahal dll dikiranya saya gak mampu bayar apa!"
PKM_SBY_044_R0501_45527716,PKM_SBY_044,Manukan Kulon,Surabaya,1,Surabaya | panjang | 1★,Petugas KIA ibu2 yg berkacamata yang bagian depan (bagian panggil pasien) juwahat dan ketus amat. Bisa gaK sih orang itu ngelayani ibu2 hamil dan anak2  dan orang yg lagi sakit.dengan nada ramah TANPA ketus dan nada tinggi.kita ini orang sakit mbok ya di layani dengan baik. Jangan di bentak2..haduh... Di ganti aja deh orang itu.biar hati ini adem kalau mau berobat ke puskesmas. Kalau yang bagian dalam perawat dan dokternya baik2 dan ramah.
PKM_SMG_002_R0788_98f78503,PKM_SMG_002,Bangetayu,Semarang,1,Semarang | panjang | 1★,"calonku suntik TT di sini bengkak sampe seminggu ga sembuh2 grgr infeksi (mungkin salah suntik kena saraf & pas suntik ga dikasih alkohol langsung suntik aja serampangan) terus komplain kesitu doktere dibilang ""gapapa itu, bayi aja kadang kaya gitu""
intinnya ga mau disalahkan hahaha"
PKM_SBY_025_R0095_ca9330af,PKM_SBY_025,Siwalankerto,Surabaya,2,Surabaya | panjang | 2★,"Sangat tidak ramah di pelayanan sebelum masuk ke ruang dokter, mbkny ketus, suaranya tinggi, dan judes, tolong dong. Orng sakit kl telat berobat harusnya wajar, itupun kl telat datang lngsng diskip kenomor berikutnya kan, udh maju krn nomor udh kelewat nah ini malah diketusin suruh nunggu orng. Duh orng dah sakit badan rasanya gk karuan malah diketusin."
PKM_SBY_033_R0144_e3cd4c32,PKM_SBY_033,Dupak,Surabaya,1,Surabaya | sedang | 1★,"sistem cacat, apalagi yg jaga administasi sangat amat tidak profesional, di pendaftaran maks jam 10 tapi sampe jam 11 lebih masih belum dipanggil"
PKM_SBY_037_R0380_8540f983,PKM_SBY_037,Kalirungkut,Surabaya,1,Surabaya | sedang | 1★,jam nya gak sesuai dengan web nya . mohon diperbaiki
PKM_SBY_011_R0305_cb56e3f1,PKM_SBY_011,Kebonsari,Surabaya,1,Surabaya | sedang | 1★,"baru kali ini ada puskesmas yang menolak karena alasan sudah penuh, aneh sekali. beberapa kali ke puskesmas tidak ada yg berani menolak pasien.

bagian front office sepertinya anak magang"
PKM_SMG_005_R0177_39641983,PKM_SMG_005,Candilama,Semarang,1,Semarang | panjang | 1★,"Siang min, saya kasih rating bintang 1 untuk juru parkirnya TOLONG dong di benahin jangan kayak preman ngehadang org kluar minta duit parkir aja. G' cuman 1 atau dua kali sudah sangat sering sekali. Juru parkir kok asik sendiri ngobrol kadang juga duduk duduk aja.

Hari ini tgl 15 April 2025 saya mengalami hal iyg tidak menyenangkan, dari awal saya datang dariarah sebrang tidak di bantu nyebrangin, waktu mau parkir juga TDK di bantu cari parkir ataupun di rapikan motor yg parkirnya awut²an biar pengunjung bisa lebih mudah parkir malah sibuk ngobrol sama org sibuk mintain uang parkir di depan tanpa bantuin org kluarin motor. Di tegur malah g' trima malah ngelarang² org buat parkir lagi di situ, lah emang puskesmas punya kamu apa 🤣🤣 kalo tadi saya g' buru² saya bakal masuk ke kantor puskesmas buat kasih pelajaran kamu !! Orang mau punya uang ya kerja org kamu masih sehat bugar juga apa bedanya kamu sama preman atau pengemis !! Ciri² bapak juru parkirnya di orgnya yg tinggi

Disini saya tidak mempermasalahkan uang ya tapi cara dia tidak sopan masih ngeyel lagi."
PKM_SMG_016_R0197_983bc736,PKM_SMG_016,Lamper Tengah,Semarang,2,Semarang | pendek | 2★,Aoa bisa memakai bpjs
PKM_BTL_023_R0385_ed71aaa9,PKM_BTL_023,Sedayu 1,Bantul,1,Bantul | sedang | 1★,Pak pusat kesehatan masyarakat kok harus bayar biaya parkir pak..
PKM_BTL_005_R0181_4d12b157,PKM_BTL_005,Bantul 1,Bantul,1,Bantul | panjang | 1★,"Karena saya pasien baru dan belum tau alurnya, lah malah sempet agak digas sama bidannya. Padahal kesalahan bukan di saya tapi karena petugas lain yang ngarahin. Tapi setelah tahu bukan kesalahan saya, bidannya jadi pada baik wkwk.

Tolong dong kalau ada yang baru dan nggak tahu ya nggak usah emosi dulu.

Terus, kemarin imunisasi anak di sini, niatnya karena deket dari rumah. Cuma nanya jenis vaksin apa yang digunain buat Rotavirus, tujuannya biar saya yang akan pindah kota ini tahu jenisnya dan bisa nyari vaksin yang sama buat imunisasi Rotavirus selanjutnya di kota lain.

Eh dijawab bidannya, ""Lah vaksin Rotavirus mah itu aja tinggal bilang mau imunisasi Rotavirus. Udah itu doang...""

Lah dikira saya bodoh, kan jenisnya ada beberapa, bukan cuma satu doang. Padahal disarankan menggunakan jenis vaksin yang sama untuk imunisasi selanjutnya.

Kalau dijawab kaya gitu, terus gimana? Duh, bad service banget deh."
PKM_SBY_018_R0164_3b713fdb,PKM_SBY_018,Mulyorejo,Surabaya,1,Surabaya | panjang | 1★,"Kali ini bener bener kecewa di poli gigi , saya sudah beberapa kali bolak balik dan baik baik saja tambal gigi nya , terahir tambal gigi saya gigi graham dan dokternya bilang kalau rawan bolong lagi dan dokter juga sempat bilang kalau bolong siap di tambal lagi apa bila tidak ada keluhan sakit, pas sekarang saya mau tambal dengan posisi gigi yang sama dan tidak ada keluhan sakit yang seharus nya di tambal seperti omongannya waktu itu , tapi malah di suruh di rujuk di rs. Di cek hanya sebentar saja sudah di ketuk juga tidak terasa sakit tapi masih ngotot untuk di rujuk di rs, dan sempat bilang tidak ada bahannya untuk di tambal, maksudnya ini malas atau gimana? Atau memang mood"" an kalau nambal gigi pasien ???!!"
PKM_SMG_022_R1071_011697bd,PKM_SMG_022,Ngaliyan,Semarang,1,Semarang | sedang | 1★,Pegawainya tidak ramah sama sekali kalo ngomong keras sekali kaya saya gak denger padahal saya denger kelihatan galakgalak pelayanan umum tapi kok kaya gini
PKM_SMG_014_R0506_e2c83787,PKM_SMG_014,Kedungmundu,Semarang,1,Semarang | sedang | 1★,"Yang ngedata pake baju putih judes banget, BPJS bayar aja dijudes i gimana yang pbi pemerintah. Inget kalian  kerja buat ngelayani masyarakat bukan ngerumpi"
PKM_SBY_003_R0205_93624e7f,PKM_SBY_003,Banyu  Urip,Surabaya,1,Surabaya | sedang | 1★,"Loket gak ramah kalo kasih info setengah"" trs ke dokter gigi juga dokternya konyol dahlah faskes apaan"
PKM_SBY_034_R1041_e96d3801,PKM_SBY_034,Gading,Surabaya,1,Surabaya | sedang | 1★,"Ini no tlp gk bisa di hubungi trs , no wa jg centang aja , sbtlnya yg bisa d akses no brp yg benar ?? Susah jg kl mau tanya2 info pelayanan"
PKM_SMG_006_R0452_fd3bf8e8,PKM_SMG_006,Gayamsari,Semarang,1,Semarang | sedang | 1★,"pelayanan online tidak jelas, tidak ada penjelasan kalau setelah online bisa langsung masuk jadi harus menunggu berjam jam"
PKM_BTL_025_R0939_e10188aa,PKM_BTL_025,Sewon 1,Bantul,1,Bantul | panjang | 1★,"Sangat tidak di sarankan untuk tes swap PCR di sini, sangat tidak Memuaskan. Sangat MENYIKSA, tidak handal dan tidak profesional. Hidung saya kanan kiri di sogtok kayak bersihin botol sampai dua duanya berdarah. Saya 4 kali Antigen, 2 kali PCR. Ga ada yang kayak ini. Yang lain lembut. Ini seperti newbie yang disuruh nge swap. Tidak layak. Pelayanan yg buruk. Orang bertanya malah di marahin. Kapok seumur hidup swap di sini."
PKM_BTL_005_R0648_2a4bfc00,PKM_BTL_005,Bantul 1,Bantul,2,Bantul | panjang | 2★,Tes bebas narkoba sm sehat jasmani disini buat cpns tu ditarif lebih mahal dari yg laen alasannya karena bukan ktp bantul. Emg kalo org bantul berobat di puskesmas kota jogja digituin jg kah? Apa ada aturan nya gt? Udh gt nunggu nya lama bgt hampir 2jam krn yg ngerjain orgnya cm 1. Tempat parkir buat mobil sempit jd susah
PKM_SMG_033_R1448_88184cea,PKM_SMG_033,Srondol,Semarang,1,Semarang | panjang | 1★,"Pelayanan baik petugas ramah. Cuman yang minus tukang parkir itu ngapain dah. Pelayanan publik kok ada parkir liarnya. Kalo mau ada parkir sekalianlah masuk ke pendapatan bukan pajak, parkir ada karcisnya. Biar kita tau. Udah gitu duduk doang kaga ngatur apapun cuman mintain duit."
PKM_SBY_041_R0040_597bc1ed,PKM_SBY_041,Krembangan Selatan,Surabaya,1,Surabaya | sedang | 1★,Untuk antrian nya sangat kurang....tidak sesuai...
PKM_SBY_013_R0023_ccca3929,PKM_SBY_013,Keputih,Surabaya,1,Surabaya | panjang | 1★,"Dtng ke pukesmas cabut gigi ank dpt prlakuan krng baik dri pegawai di poli gigi , namanya ank cabut gigi psti takut psti triak2 kan ,tp muka dri pegawai di poli giginya klihatan sekali klo tdk suka dan muak ngeliat nya .
Pdhal dri tenaga medisnya sangat baik2 saja dan sangat sabar krna tau ank2 psti tkut klo di ajak cabut gigi .
Cm g hbs pkirnya sma pegawai yg di dlm poli gigi ibu2 nya , g enk sekali ngeliat nya ..
Saya pkir cm perasaan saya atau gmn , tp pas saya pamit utk plng dan blng trima kasih smbil senyum2 .. Tdk di jwab , tdk di respon dgn baik , dan tdk di pedulikan sma ibu2 nya ,Mlh ngeliat saya sprti orng yg sangat benci sma saya dan ank2 saya .
Saya rasa g cocok sekali sebagai pegawai yg brkrja di layani publik  brsikap sprti itu .
Kirian brta dluaran hoax tentang pegawai pukesmas keputih yg krng ramah sma orng , trnyata stelah dtng sndri bnran trjadi dan merasakan nya ."
PKM_BTL_005_R0035_9ded70bb,PKM_BTL_005,Bantul 1,Bantul,2,Bantul | panjang | 2★,"Bukan cuman sekali dua kali ke puskesmas ini, bahkan sering. Tapi baru kali ini kecewa sama pelayanan di lab. Antrianku di paling bawah, tp yg dipanggil malah antrian dari atas (orang2 yg datengnya setelah aku, malah dipanggil duluan). Dan aku nunggu 1.5 jam baru kepanggil:))) Mau protes tp semua orang juga antri. Tp ini gak adil sih. Semoga bisa dievaluasi. Trims!!"
PKM_SMG_020_R1089_cdbaaff4,PKM_SMG_020,Mijen,Semarang,1,Semarang | pendek | 1★,"Bidan yg diruang mtbs kurang ramah n galak,"
PKM_SBY_013_R0255_f6e7665e,PKM_SBY_013,Keputih,Surabaya,1,Surabaya | sedang | 1★,"Pelayanan dlm program cek kesehatan gratis pelayanan kurang bagus, alur pelayanan tidak jelas - tidak ada petunjuk, ruang screning dokter nampak tidak rapi, cenderung kotor,"
PKM_SBY_055_R0229_faca7307,PKM_SBY_055,Sidotopo Wetan,Surabaya,2,Surabaya | panjang | 2★,"Sebenarnya pelayanan sudah baik, hanya sja hari ini PASIEN MEMBLUDAK mugkin gara2 kmaren tgl merah...
Alhasih pasien yg ANTRE d LABORATORIUM sangat banyak....
Sya sja menuggu kurleb 3 jam....
Setelh sya masuk LAB, baru sya tau...
Yg lama bukan karna kinerjanya, tp TENAGA AHLI BAGIAN LABORATORIUM KURANG ..
Pasien sbanyak itu, petugasnya cm ada 2....
Y Allah.... Kasian bgt, petugasnya capek bgt....
Tolong DITAMBAH LAGI PETUGAS LABORATORIUM y min....
Dan 1 lg keluh kesahku...
Ruang tuggu PANAS POLLL....
Sebenarnya kipasnya ada....
Tp hanya dibuat PAJANGAN DOANK kayae ..
Sehingga banyak pasien terutama anak kecil yg rewel....
Tolong y fasilitas nya lebih diperbaiki...
Terimakasih....
🙏🙏🙏🙏🙏"
PKM_SBY_062_R0338_b7efa205,PKM_SBY_062,Tenggilis,Surabaya,1,Surabaya | sedang | 1★,"Sangat BURUUUKKK, SUDAH ANTRI ONLINE TAPI YG DI PANGGIL GAK SESUAI URUTAN
MENDING GAUSA ADA ANTRIAN ONLINE, PAKE SISTEM YG DATANG DULU DI LAYANI DULU !!!"
PKM_SBY_027_R0123_04cc490c,PKM_SBY_027,Wiyung,Surabaya,1,Surabaya | sedang | 1★,Susternya galak pdhl yg punya sistem situ... harusnya pelayanan puskesmas ramah untuk masyarakat bukannya judes🤭🤗
PKM_SMG_008_R0296_4fffbbf2,PKM_SMG_008,Gunungpati,Semarang,2,Semarang | panjang | 2★,"aslinya males mau periksa di sini...tapi mau gak mau karna faskes 1 babe di sini n kudu minta pengantar tiap 3 bulan di sini. sbnernya fasilitasnya sudah mayan ada perubahan, pendaftaran bagus, cuman yg dari dulu bikin gak suka ntu cara ngomong dokternya itu lho. kan kalau dokter harusnya jdi pendengar yg baik kan ya, eh lha ini si pasien nya lg jelasin udh dipotong duluan, pakek suara ngegas lagi. kayaknya soft skill nya kudu diupgride ini dokter pukesmas gunungpati. ini yg bikin q dan suami pindah faskes..gaji di bayar rakyat dari pajak kok kayak gitu yak..gak bayangin gitu jadi kita yg lg berobat kalau di ketusin kayak gimana

Yang namanya riska di pelayanan umum, juga minta tolong nada bicaranya di benerin.. Yang ramah, ngomong sama orang tua kayak ngomong sama bakul di pasar"
PKM_SMG_035_R0520_770b832a,PKM_SMG_035,Telogosari Kulon,Semarang,1,Semarang | panjang | 1★,"mohon maaf saya sangat kecewa . saya datang jam 11 mengantri dipanggil di ruangan dokter jam stengah 2 , pas uda masuk kirain di periksa secara fisik , ternyata cuma ditanyain keluhan apa gaada 5 menit sudah disuruh keluar , trus fungsi bed dan alkes lainnya didalam untuk apa ya? bukannya selayaknya orang periksa itu pasti rebahan , lalu diperiksa dengan sungguh2 , yang saya kecewa adalah sia sia menunggu berjam2 cuma gitu aja tindakannya. yg saya tidak habis pikir lagi, yg namanya kita pakai BPJS bukankah semua pelayanan yang akan dilakukan disitu sudah harus tercover ? masa saya disuruh lab harus bayar lagi 70.000 ? ini sebenrnya semua pihak pemerintahan mengetahui ga sih? parkir mahal bgt 4.000 loh.. mbok ya tolong dibenahi pelayanannya, terutama pas memeriksa pasien, masa di periksa cuma duduk terus ditanya doang apa yg dirasain, malah serasa kek interview , dipegang juga engga hadehh bad banget 😌"
PKM_SBY_005_R0238_b3b7cdb1,PKM_SBY_005,Dukuh  Kupang,Surabaya,1,Surabaya | panjang | 1★,"Hancurr hancurr
Pertama ke pukesmas ini sakit gerd sampai sesek nafas, dan di periksa katanya tidak ada masalah apa apa, saya di suruh pulang ,dan alhasil saya pergi ke rs lain dan di anjurkan untuk rawat inap soalnya penyakit sudah parah
Ke dua yang paling gila ,saya kesini cek iritasi dan di lap hasilnya HIV dengan rasa sedih saya putus asa dengan hasilnya, saya tes darah ke RS dr soetomo saya tidak mempunyai virus itu
Ke tiga saya cek kehamilan istri saya, sudah antri cek dll, hasil goldar nya berbanding terbalik sma yg asli
Ke empat saya mau copot gigi,mau copot gigi saja malah di kasih rujukan, sengkan di rs ini menyediakan,
Menurut gua ini rs berdokter jiwa buka rs jiwa lagi"
PKM_SMG_004_R0402_c0e8adeb,PKM_SMG_004,Bulu Lor,Semarang,1,Semarang | panjang | 1★,"Ceritanya Saya vaksin di puskesmas ini, dan dilayani dgn baik saat cek tensi. Tapi pas dipanggil dan masuk ruang vaksin, lahh malah ada salah satu oknum petugas vaksin bilang ngapain kesini (dgn nada dan muka yang songong beut dahh ) (itu posisi saya mau duduk yah dan kaga jdi duduk karena dibilang kek gtu) kemudian ada petugas lain tuh yang dengan sopan langsung ngademin bilang bisa tunggu diluar dulu mba (dalam hati, saya masuk juga karena DIPANGGIL woyy, gile aja tiba2 nyelonong masuk kek maling aja). Akhirnya ada petugas yang minta berkas saya supaya segera di layani (kasian kali lihat saya sudah masuk ehh disuruh keluar). TOLONG bapak/ibu yang terhormat kalau kaga bisa melayani dengan setulus hati setidaknya jgn buat pasien jdi merasa tdk dihargai dah.

Fyi saya vaksin msh pagi, masa iya sdh capek melayani pasien sehingga badmood hadehhhh"
PKM_SBY_053_R0450_1adb6248,PKM_SBY_053,Sememi,Surabaya,2,Surabaya | sedang | 2★,"Apa benar selama puasa jam operasional berubah? karena di gerbang ditulis tutup 11.30. saya datang jam 10.53 dibilang tutup, padahal saya bawa bayi dan perlu ongkos ojek utk bisa kesini."
PKM_SMG_001_R0223_f8c6e3fe,PKM_SMG_001,Bandarharjo,Semarang,1,Semarang | panjang | 1★,"Sangat buruk perlakuan mas mas yg melayani di bagian pendaftaran surat sehat untuk KPPS, membentak dihadapan org banyak karna terlewat nmr antrian padahal saya ada kondisi darurat, orang berpendidikan harusnya ramah dan sopan kepada siapapun!!"
PKM_SMG_026_R0256_506b1285,PKM_SMG_026,Pandanaran,Semarang,1,Semarang | panjang | 1★,"Kecewa dengan pelayanan nya, penangan dokter nya seperti tidak niat dibanding klinik biasa , diperiksa sekenanya saja,

Terutama untuk dokter gigi, sudah jelas pasien gigi impaksi dan berlubang,

tp hanya diberi rujukan cabut gigi yang rusak saja, dokter tidak menjelaskan bahwa gigi pasien trnyta impaksi,

Kalau mau cabut gigi impaksi harus kembali lagi minta surat lagi

buang buang waktu, tidak efisien , pasien masih kesakitan,

Pengalaman di klinik lain lsg diberi surat rujukan satu kali untuk penanganan gigi impaksi sekaligus cabut gigi rusak , (dokter lsg tahu mana yg harus segera ditangani)

Dengan keluhan yang sama tp tindakan sungguh berbeda,

Semoga segera dapat dievaluasi kinerja dokter nya"
PKM_SMG_009_R0709_61810f4c,PKM_SMG_009,Halmahera,Semarang,1,Semarang | sedang | 1★,Pegawai kurang ramah padahal posisi korban kecelakaan tapi malah menyepelakan dengan alasan pasien tidak luka parah.
PKM_BTL_025_R0960_93750f3b,PKM_BTL_025,Sewon 1,Bantul,1,Bantul | pendek | 1★,Kalau mau cabut gigi bisa ngak ya?
PKM_SMG_008_R0799_c0b57d99,PKM_SMG_008,Gunungpati,Semarang,1,Semarang | panjang | 1★,"Di tulis igd 24 jam tapi jam 2.30 di bell di ketok ga ada yang jawab, yang piket juga tidak berada di tempat.
Kejadian tanggal 31 januari 2020 pukul 2.30 wib.
Sungguh sangat mengecewakan, kalau memang tidak 24 jam jangan ditulis 24 jam.
Semoga ada evaluasi dari pihak terkait."
PKM_SBY_039_R0289_17f46f43,PKM_SBY_039,Kenjeran,Surabaya,2,Surabaya | pendek | 2★,pelayanan nya lama bangettt!!!
PKM_SBY_008_R0812_cf1e39f3,PKM_SBY_008,Jagir,Surabaya,2,Surabaya | sedang | 2★,Gak sesuai dgn nomer antriannya...  Tetap saja nunggunya lama meskipun daftar online
PKM_SBY_032_R0653_fd9a0aa5,PKM_SBY_032,Dr Soetomo,Surabaya,1,Surabaya | panjang | 1★,"Kalau ada bintang separuh bakal saya kasih bintang separuh saja untuk puskesmas ini. Orang sakit gak diperiksa dengan betul trus bikin diagnosanya juga asal bikin pasien merasa gak percaya dengan pelayanannya.
Kalau ada yang kasih ulasan bintang 5 itu pasti dari kenalan puskesmasnya saja. Bukan real dari masyarakat."
PKM_BTL_003_R0304_e7a8dbee,PKM_BTL_003,Banguntapan 2,Bantul,1,Bantul | sedang | 1★,Pelayanan dari dokter sangat baik bahkan responsif. Hanya saja pelayanan dari tenaga kerja lainnya yang kurang baik. Tidak ramah dan terkesan galak.
PKM_SBY_007_R0026_803cb56a,PKM_SBY_007,Gunung  Anyar,Surabaya,2,Surabaya | pendek | 2★,Lumayan nunggu 2 jam buat periksa
PKM_SBY_053_R0508_196c3c47,PKM_SBY_053,Sememi,Surabaya,2,Surabaya | sedang | 2★,Bagian pelayanan antrian kurang memuaskan dan bagian apotik masnya jg kurang memuaskan ...karena ibu saya baru pertama ini ke puskesmas ....tolong di perhatikan pelayanannya karena sama orang tua
PKM_BTL_003_R0115_836c0ca6,PKM_BTL_003,Banguntapan 2,Bantul,1,Bantul | panjang | 1★,"Tolong jangan mberikan izin untuk mahasiswa magang yang memang tidak kompeten untuk suntik vaksin anak, masak mau vaksin anak d keroyok begitu gimana anak tenang. Bisa kan d kondisikan untuk studi kasus pun ndak d keroyok begitu mengamatinya, kemudian jika suntikan sudah tertusuk d lengan anak apakah wajar jika asal cabut, kemudian di suntik ulang dengan kondisi mahasiswa yang menyuntik tremor tangannya? Kalau sudah tidak yakin ndak usah ikutan coba2 suntik..Saya yg orang dewasa saja kesakitan kalau di begitu kan ini anak baru 1 tahun jangan asal donk! lebih baik di kerjakan bidannya/perawat/dokter yang berkompetensi langsung. 5 hari lebam memar dan bergaris tampak jelas bekas suntikannya! Biasanya periksa di sini aman saja sayang tenaga nakesnya bagus kalau kasus begini tdk d perhatikan."
PKM_SMG_037_R0496_6332ff01,PKM_SMG_037,Karanganyar,Semarang,1,Semarang | panjang | 1★,"swab antigen disini sumpah sudah nunggu satu setengah jam tidak dipanggil namanya lagi, malah sibuk sendiri petugasnya, plis kalah sama layanan klinik lain, tolong ditingkatkan lagi sistem online. sudah  nunggu lama, di peduli lindungi juga g ngupdate buang buang waktu saja"
PKM_SBY_055_R0339_abd95b9a,PKM_SBY_055,Sidotopo Wetan,Surabaya,1,Surabaya | pendek | 1★,Masang no tlp tapi gk bisa dihubungi.
PKM_SBY_002_R0075_f6158c41,PKM_SBY_002,Bangkingan,Surabaya,1,Surabaya | panjang | 1★,"Dulu waktu vaksin pelayanan bagus , mulai dari pendaftaran sampai dokter nya, TAPI sekarang buruk pelayanan nya kurang ramah, padahal dulu ku sanjung"" ku pikir di puskesmas sini berbeda karena rata"" pelayanan di puskesmas tau lah yaa seperti apa 😅 tapi ternyata sama ajaaa minus 🤣🙏🏻 entah dulu beda orang / gimana aq tak tau ⭐️"
PKM_SBY_050_R0433_456510e7,PKM_SBY_050,Perak Timur,Surabaya,1,Surabaya | pendek | 1★,Pelayanan Sangat Sangat Sangat Sangat Amat Buruk
PKM_SBY_004_R0171_46071caa,PKM_SBY_004,Bulak  Banteng,Surabaya,1,Surabaya | panjang | 1★,"Pelayanan buruk, sudah dua hari bolak balik ke puskesmas niat mau berobat malah nyusahin pasien mas"" loket belum tau pasti jadwal dokter"" yg masuk, menyusahkan orang , dari dulu mas"" loket kerjanya ga bagus
Beda dengan puskesmas lain yg tau betul jadwal dokter yg masuk"
PKM_SMG_002_R0693_adf267f7,PKM_SMG_002,Bangetayu,Semarang,2,Semarang | sedang | 2★,"Untuk pelayanan baik, ketertipan nya baik. Sesuai no antrian. Petugas nya ramahan, arahan nya midah untuk di mengerti dan di pahami🥰"
PKM_SBY_058_R0494_8e28e475,PKM_SBY_058,Tambakrejo,Surabaya,1,Surabaya | panjang | 1★,"Ini pukesmas punya pelayan buruk sekali,.
Dari semua pegawai kerja itu lelet,lama banyak mondar mandi maju kiri maju kanan,. Masuk pintu keluar pintu,.
Saya lihat itu buka jam 7:30 sampai jam 8.00 sekarang belom buka.
Perawat datang,masuk kamar puh pada main hp semua,ketawa ketawa,.
Situ orang tidak tau kalau di ruang tunggu ini banyak.orang sakit,..

Saya jauh jauh dari papua untuk berobat di sini,..
Eh punya pelayanan buruk sekali,masah kala sama pukesmas di papua,. Mereka punya pukesmas tempat kecil tp pelayanan nomer 1.
Mereka mementingkan keselamatan pasien,ketimbang main hp sama ketawa ketawa,.

Terimakasih ibu mami papa,.
Semoga kedepannya pukesmas ini tambah rame pasien, tambah lama pula pelayanan,."
PKM_SMG_007_R0184_f4e1737e,PKM_SMG_007,Genuk,Semarang,1,Semarang | sedang | 1★,"Petugas di pendaftaran nya diganti aja bisa gak? Petugas pendaftaran kok nyengit gitu.
Diganti yg masih muda biar bisa sabar."
PKM_SMG_009_R0203_f7e3c7aa,PKM_SMG_009,Halmahera,Semarang,1,Semarang | pendek | 1★,Puskesmas Taek    BPJS gunananya apa ngurus biat
PKM_SBY_003_R0013_270a9cf1,PKM_SBY_003,Banyu  Urip,Surabaya,1,Surabaya | panjang | 1★,"Saya dari jaman corona sudah mau cabut gigi disini tapi selalu dikasih obat dan obatt pdhal gigi saya tdk ada keluhan cuma sudah posisi sangat miring kyk tiduran , yg aslinya gigi itu berdiri ini gigi saya sudah kayak tiduran ( paham kan ) terus saya dftr online dpt nmr antrian 17  estimasti layanan itu jam 12.00 , saya datang disitu belom sampai jam 11.00 tapi nomer antrian sudah 29 😌 dan saya ke loket minta print nmr antrian dan kalian tau apa ??? Saya dikasih yg umum tanpa bpjs pdhal saya dftar itu pakai bpjs ( waktu ngeprint saya lihatkan hp saya yg screen shootan pendftrn no antriannya) , disitu dia nyolottt katanya tadi suduh nanya ke saya kalau ada bpjs apa enggak 😏 katanya saya jwb gak ada atau apalah , pdhal saya jwb BPJSSSSSSSS , dengan raut muka petugas yg kayak SETANN JUDES OMONGANNYA ITU saya sudah emosi dengernya tapi saya tahann !!! Terus saya jwb ini kan sudah jelas bpjs di hp saya , eh mengelak dgn jwb biasanya emang begitu gak conect disini kadang kadang🤣 ini saya balik untuk cabut gigi sdh ke 5 kali tapi dikasih obat teruss 😃😃 kocak emang pdhal obatnya juga sudah saya minum dan balik lagi tapi masih ada aja alasannya yg menyuruh saya minum obat dan obatt , bahkan gak jadi cabut gigi saya suruh bersihkan karang gigi saja tapi tdk boleh karena tdk ada keluhan LAH KOCAKK !! Ngebadut semua nih"
PKM_SBY_025_R0284_46ed14e4,PKM_SBY_025,Siwalankerto,Surabaya,2,Surabaya | sedang | 2★,"Apakah bener klo ber obat beda kawasan atau beda kecamatan tidak boleh,sedangkan pkm paling dekat di pkm siwalan.kec wonocolo"
PKM_BTL_018_R0019_8d4b17fc,PKM_BTL_018,Pandak 2,Bantul,1,Bantul | pendek | 1★,"nunggu obat 2,5 jam woi, lama bgt jir"
PKM_SBY_059_R1123_58585c43,PKM_SBY_059,Tanah Kali Kedinding,Surabaya,1,Surabaya | sedang | 1★,"Parah sih ini di tlvo sampek 10 kali lebih , gak ada yang angkat sama sekali , lagi pandemi niat mau mengurangi keramaian tanya dlu lewat tlvo , gak ada respon sama sekali!"
PKM_SMG_020_R1104_42bcb343,PKM_SMG_020,Mijen,Semarang,1,Semarang | pendek | 1★,Puskesmas dengan pelayanan terburuk.
PKM_SBY_009_R0192_ab3b647a,PKM_SBY_009,Jemursari,Surabaya,1,Surabaya | panjang | 1★,"FARMASI BANYAK PETUGAS BUKANYA CEPET KERJA SIAPIN OBAT MALAH NGOBROL, SAYA NUNGGU 1JENIS OBAT 24MENIT, PADAHAL GK ADA JEDA ANTRIAN, KELUAR DR PEMERIKSAAN LNGSUNG KE FARMASI. 1JENIS OBAT 24 MENIT 4 PETUGAS DI DALAM WANITA SEMUA."
PKM_BTL_003_R0347_1b369278,PKM_BTL_003,Banguntapan 2,Bantul,2,Bantul | panjang | 2★,"Maaf nih saya terpaksa kasi bintang 2.. perlu diperbaiki pagi untuk informasi tentang pusk banguntapan 2 selama pandemi. 2 th yg lalu saya kesini bisa cek tdk bertindik bertato sama tdk cacat fisik.. uda jauh2 kesini ternyata sekarang gak melayani karna pandemi, harusnya ada informasi minimal di website atau bisa juga dimaps.. mohoh diperbaiki lgi 🙏🙏🙏"
PKM_SMG_002_R0473_3bd9778b,PKM_SMG_002,Bangetayu,Semarang,1,Semarang | sedang | 1★,"Dateng duluan TPI gk dilayani malah nglayani org yg baru datang .
Org"" nya gk ramah ."
PKM_SBY_040_R0746_abeb40f9,PKM_SBY_040,Ketabang,Surabaya,1,Surabaya | sedang | 1★,Tadi habis vaksin ke 2 di puskesmas ini ..pelayanan nya BURUK .. main hp terussss tuh tadii .mana ngegas lagi ngomong nya ...
PKM_SBY_037_R0119_32f82c78,PKM_SBY_037,Kalirungkut,Surabaya,1,Surabaya | panjang | 1★,"Beberapa hari yang lalu saya ke puskesmas untuk mengecek apakah bpjs saya sudah aktif di faskes kalirungkut atau belum, sekaligus periksa pengen tau seperti apa pelayanan di puskesmas dan membawa hasil rontgen dari rsi a.yani. dari awal masuk ke ruang poli umum sudah kelihatan raut wajah dari si dokter laki gemuk gaenak ke pasien, saya tunjukkan hasil rontgen dari rsi beserta bacaannya lalu dengan enteng mulut si dokter laki gemuk bilang kalau saya ndapapa sehat, alhamdulillah banget kalau saya sehat semoga dokter dan keluarganya tidak merasakan sakit yang saya rasakan yaa ..  tidak ikhlas rasanya membayar uang 20ribu ke puskesmas tersebut kalau tau pelayanan dari dokter seperti itu..."
