id_puskesmas,puskesmas,wilayah,dimensi,n_ulasan,n_keluhan,komposisi_%,intensitas,intensitas_CI95,intensitas_shrunk,skor_1_5,kepercayaan,cukup_dinilai
PKM_BTL_001,Bambanglipuro,Bantul,Responsiveness,27,11,26.8,0.407,"[0.25, 0.59]",0.406,3.05,Datanya sedang,True
PKM_BTL_002,Banguntapan 1,Bantul,Responsiveness,69,28,25.9,0.406,"[0.30, 0.52]",0.405,3.02,Cukup banyak data,True
PKM_BTL_003,Banguntapan 2,Bantul,Responsiveness,89,39,27.3,0.438,"[0.34, 0.54]",0.434,3.36,Cukup banyak data,True
PKM_BTL_004,Banguntapan 3,Bantul,Responsiveness,68,23,22.8,0.338,"[0.24, 0.46]",0.348,2.32,Cukup banyak data,True
PKM_BTL_005,Bantul 1,Bantul,Responsiveness,50,23,25.8,0.46,"[0.33, 0.60]",0.449,3.71,Cukup banyak data,True
PKM_BTL_006,Bantul 2,Bantul,Responsiveness,33,20,33.3,0.606,"[0.44, 0.75]",0.551,4.78,Cukup banyak data,True
PKM_BTL_007,Dlingo 1,Bantul,Responsiveness,19,6,24.0,0.316,"[0.15, 0.54]",0.35,2.35,Datanya sedang,True
PKM_BTL_008,Dlingo 2,Bantul,Responsiveness,9,3,27.3,0.333,"[0.12, 0.65]",0.373,2.7,Data terbatas,False
PKM_BTL_009,Imogiri 1,Bantul,Responsiveness,24,8,21.6,0.333,"[0.18, 0.53]",0.357,2.42,Datanya sedang,True
PKM_BTL_010,Imogiri 2,Bantul,Responsiveness,28,16,34.8,0.571,"[0.39, 0.73]",0.52,4.43,Datanya sedang,True
PKM_BTL_011,Jetis 1,Bantul,Responsiveness,31,18,33.3,0.581,"[0.41, 0.74]",0.53,4.56,Cukup banyak data,True
PKM_BTL_012,Jetis 2,Bantul,Responsiveness,12,7,35.0,0.583,"[0.32, 0.81]",0.492,4.18,Datanya sedang,True
PKM_BTL_013,Kasihan 1,Bantul,Responsiveness,148,72,29.1,0.486,"[0.41, 0.57]",0.48,4.09,Cukup banyak data,True
PKM_BTL_014,Kasihan 2,Bantul,Responsiveness,84,40,28.2,0.476,"[0.37, 0.58]",0.467,3.93,Cukup banyak data,True
PKM_BTL_015,Kretek,Bantul,Responsiveness,26,16,33.3,0.615,"[0.43, 0.78]",0.547,4.69,Datanya sedang,True
PKM_BTL_016,Pajangan,Bantul,Responsiveness,31,18,33.3,0.581,"[0.41, 0.74]",0.53,4.56,Cukup banyak data,True
PKM_BTL_017,Pandak 1,Bantul,Responsiveness,33,12,25.5,0.364,"[0.22, 0.53]",0.374,2.76,Cukup banyak data,True
PKM_BTL_018,Pandak 2,Bantul,Responsiveness,18,8,28.6,0.444,"[0.25, 0.66]",0.428,3.3,Datanya sedang,True
PKM_BTL_019,Piyungan,Bantul,Responsiveness,40,15,24.2,0.375,"[0.24, 0.53]",0.382,2.86,Cukup banyak data,True
PKM_BTL_020,Pleret,Bantul,Responsiveness,47,23,29.5,0.489,"[0.35, 0.63]",0.471,3.99,Cukup banyak data,True
PKM_BTL_021,Pundong,Bantul,Responsiveness,29,11,22.0,0.379,"[0.23, 0.56]",0.386,2.92,Datanya sedang,True
PKM_BTL_022,Sanden,Bantul,Responsiveness,23,8,21.1,0.348,"[0.19, 0.55]",0.367,2.64,Datanya sedang,True
PKM_BTL_023,Sedayu 1,Bantul,Responsiveness,28,13,28.3,0.464,"[0.30, 0.64]",0.446,3.58,Datanya sedang,True
PKM_BTL_024,Sedayu 2,Bantul,Responsiveness,26,13,33.3,0.5,"[0.32, 0.68]",0.469,3.96,Datanya sedang,True
PKM_BTL_025,Sewon 1,Bantul,Responsiveness,116,60,29.0,0.517,"[0.43, 0.61]",0.506,4.24,Cukup banyak data,True
PKM_BTL_026,Sewon 2,Bantul,Responsiveness,111,55,28.8,0.495,"[0.40, 0.59]",0.486,4.12,Cukup banyak data,True
PKM_BTL_027,Srandakan,Bantul,Responsiveness,16,8,30.8,0.5,"[0.28, 0.72]",0.458,3.77,Datanya sedang,True
PKM_SBY_001,Balas  Klumprik,Surabaya,Responsiveness,28,3,7.0,0.107,"[0.04, 0.27]",0.197,1.22,Datanya sedang,True
PKM_SBY_002,Bangkingan,Surabaya,Responsiveness,28,13,29.5,0.464,"[0.30, 0.64]",0.446,3.58,Datanya sedang,True
PKM_SBY_003,Banyu  Urip,Surabaya,Responsiveness,86,32,21.3,0.372,"[0.28, 0.48]",0.376,2.8,Cukup banyak data,True
PKM_SBY_004,Bulak  Banteng,Surabaya,Responsiveness,66,28,23.1,0.424,"[0.31, 0.54]",0.421,3.2,Cukup banyak data,True
PKM_SBY_005,Dukuh  Kupang,Surabaya,Responsiveness,146,82,32.9,0.562,"[0.48, 0.64]",0.549,4.72,Cukup banyak data,True
PKM_SBY_006,Gayungan,Surabaya,Responsiveness,123,54,25.1,0.439,"[0.35, 0.53]",0.436,3.46,Cukup banyak data,True
PKM_SBY_007,Gunung  Anyar,Surabaya,Responsiveness,157,66,23.7,0.42,"[0.35, 0.50]",0.419,3.17,Cukup banyak data,True
PKM_SBY_008,Jagir,Surabaya,Responsiveness,144,63,24.8,0.438,"[0.36, 0.52]",0.435,3.39,Cukup banyak data,True
PKM_SBY_009,Jemursari,Surabaya,Responsiveness,75,25,22.1,0.333,"[0.24, 0.45]",0.343,2.26,Cukup banyak data,True
PKM_SBY_010,Kalijudan,Surabaya,Responsiveness,69,18,17.0,0.261,"[0.17, 0.38]",0.282,1.69,Cukup banyak data,True
PKM_SBY_011,Kebonsari,Surabaya,Responsiveness,110,39,18.6,0.355,"[0.27, 0.45]",0.359,2.45,Cukup banyak data,True
PKM_SBY_012,Kedurus,Surabaya,Responsiveness,64,20,20.4,0.312,"[0.21, 0.43]",0.327,2.1,Cukup banyak data,True
PKM_SBY_013,Keputih,Surabaya,Responsiveness,149,61,23.8,0.409,"[0.33, 0.49]",0.409,3.14,Cukup banyak data,True
PKM_SBY_014,Klampis  Ngasem,Surabaya,Responsiveness,71,38,30.9,0.535,"[0.42, 0.65]",0.516,4.4,Cukup banyak data,True
PKM_SBY_015,Made,Surabaya,Responsiveness,58,12,14.1,0.207,"[0.12, 0.33]",0.241,1.6,Cukup banyak data,True
PKM_SBY_016,Menur,Surabaya,Responsiveness,115,62,27.8,0.539,"[0.45, 0.63]",0.526,4.5,Cukup banyak data,True
PKM_SBY_017,Morokrembangan,Surabaya,Responsiveness,100,45,25.9,0.45,"[0.36, 0.55]",0.445,3.55,Cukup banyak data,True
PKM_SBY_018,Mulyorejo,Surabaya,Responsiveness,73,21,16.2,0.288,"[0.20, 0.40]",0.304,1.85,Cukup banyak data,True
PKM_SBY_019,Ngagel  Rejo,Surabaya,Responsiveness,88,33,20.4,0.375,"[0.28, 0.48]",0.378,2.83,Cukup banyak data,True
PKM_SBY_020,Pakis,Surabaya,Responsiveness,66,35,29.4,0.53,"[0.41, 0.65]",0.51,4.28,Cukup banyak data,True
PKM_SBY_021,Putat  Jaya,Surabaya,Responsiveness,78,23,17.2,0.295,"[0.21, 0.40]",0.31,1.91,Cukup banyak data,True
PKM_SBY_022,Sawah  Pulo,Surabaya,Responsiveness,29,13,24.5,0.448,"[0.28, 0.62]",0.435,3.39,Datanya sedang,True
PKM_SBY_023,Sawahan,Surabaya,Responsiveness,77,24,20.0,0.312,"[0.22, 0.42]",0.324,2.07,Cukup banyak data,True
PKM_SBY_024,Sidosermo,Surabaya,Responsiveness,1,0,0.0,0.0,"[0.00, 0.79]",0.373,2.7,Data terbatas,False
PKM_SBY_025,Siwalankerto,Surabaya,Responsiveness,81,26,17.4,0.321,"[0.23, 0.43]",0.332,2.23,Cukup banyak data,True
PKM_SBY_026,Tambak  Wedi,Surabaya,Responsiveness,52,28,27.2,0.538,"[0.41, 0.67]",0.513,4.34,Cukup banyak data,True
PKM_SBY_027,Wiyung,Surabaya,Responsiveness,109,30,16.6,0.275,"[0.20, 0.37]",0.288,1.76,Cukup banyak data,True
PKM_SBY_028,Wonokromo,Surabaya,Responsiveness,82,39,25.5,0.476,"[0.37, 0.58]",0.466,3.9,Cukup banyak data,True
PKM_SBY_029,Asemrowo,Surabaya,Responsiveness,60,33,29.7,0.55,"[0.42, 0.67]",0.525,4.46,Cukup banyak data,True
PKM_SBY_030,Balongsari,Surabaya,Responsiveness,85,36,25.7,0.424,"[0.32, 0.53]",0.421,3.2,Cukup banyak data,True
PKM_SBY_031,Benowo,Surabaya,Responsiveness,46,16,22.5,0.348,"[0.23, 0.49]",0.359,2.45,Cukup banyak data,True
PKM_SBY_032,Dr Soetomo,Surabaya,Responsiveness,134,24,11.0,0.179,"[0.12, 0.25]",0.198,1.25,Cukup banyak data,True
PKM_SBY_033,Dupak,Surabaya,Responsiveness,54,24,24.5,0.444,"[0.32, 0.58]",0.437,3.49,Cukup banyak data,True
PKM_SBY_034,Gading,Surabaya,Responsiveness,142,58,24.6,0.408,"[0.33, 0.49]",0.408,3.08,Cukup banyak data,True
PKM_SBY_035,Gundih,Surabaya,Responsiveness,68,24,20.5,0.353,"[0.25, 0.47]",0.361,2.54,Cukup banyak data,True
PKM_SBY_036,Jeruk,Surabaya,Responsiveness,49,22,24.7,0.449,"[0.32, 0.59]",0.44,3.52,Cukup banyak data,True
PKM_SBY_037,Kalirungkut,Surabaya,Responsiveness,109,68,36.0,0.624,"[0.53, 0.71]",0.601,4.97,Cukup banyak data,True
PKM_SBY_038,Kedungdoro,Surabaya,Responsiveness,73,39,27.9,0.534,"[0.42, 0.64]",0.515,4.37,Cukup banyak data,True
PKM_SBY_039,Kenjeran,Surabaya,Responsiveness,92,43,27.4,0.467,"[0.37, 0.57]",0.46,3.87,Cukup banyak data,True
PKM_SBY_040,Ketabang,Surabaya,Responsiveness,43,8,11.0,0.186,"[0.10, 0.33]",0.234,1.5,Cukup banyak data,True
PKM_SBY_041,Krembangan Selatan,Surabaya,Responsiveness,94,54,33.3,0.574,"[0.47, 0.67]",0.555,4.81,Cukup banyak data,True
PKM_SBY_042,Lidah Kulon,Surabaya,Responsiveness,33,11,19.6,0.333,"[0.20, 0.50]",0.352,2.39,Cukup banyak data,True
PKM_SBY_043,Lontar,Surabaya,Responsiveness,70,32,24.8,0.457,"[0.35, 0.57]",0.449,3.71,Cukup banyak data,True
PKM_SBY_044,Manukan Kulon,Surabaya,Responsiveness,113,64,30.5,0.566,"[0.47, 0.65]",0.55,4.75,Cukup banyak data,True
PKM_SBY_045,Medokan Ayu,Surabaya,Responsiveness,211,116,31.4,0.55,"[0.48, 0.62]",0.542,4.65,Cukup banyak data,True
PKM_SBY_046,Mojo,Surabaya,Responsiveness,162,82,28.6,0.506,"[0.43, 0.58]",0.499,4.21,Cukup banyak data,True
PKM_SBY_047,Pacar Keling,Surabaya,Responsiveness,117,53,26.4,0.453,"[0.37, 0.54]",0.448,3.68,Cukup banyak data,True
PKM_SBY_048,Pegirian,Surabaya,Responsiveness,36,11,17.5,0.306,"[0.18, 0.47]",0.33,2.17,Cukup banyak data,True
PKM_SBY_049,Peneleh,Surabaya,Responsiveness,72,38,32.2,0.528,"[0.41, 0.64]",0.51,4.28,Cukup banyak data,True
PKM_SBY_050,Perak Timur,Surabaya,Responsiveness,87,33,23.6,0.379,"[0.28, 0.48]",0.382,2.86,Cukup banyak data,True
PKM_SBY_051,Pucangsewu,Surabaya,Responsiveness,78,48,33.1,0.615,"[0.50, 0.72]",0.586,4.94,Cukup banyak data,True
PKM_SBY_052,Rangkah,Surabaya,Responsiveness,82,48,30.2,0.585,"[0.48, 0.69]",0.562,4.84,Cukup banyak data,True
PKM_SBY_053,Sememi,Surabaya,Responsiveness,127,59,26.5,0.465,"[0.38, 0.55]",0.459,3.83,Cukup banyak data,True
PKM_SBY_054,Sidotopo,Surabaya,Responsiveness,62,37,35.6,0.597,"[0.47, 0.71]",0.565,4.87,Cukup banyak data,True
PKM_SBY_055,Sidotopo Wetan,Surabaya,Responsiveness,118,36,19.4,0.305,"[0.23, 0.39]",0.314,1.98,Cukup banyak data,True
PKM_SBY_056,Simolawang,Surabaya,Responsiveness,36,21,31.3,0.583,"[0.42, 0.73]",0.537,4.62,Cukup banyak data,True
PKM_SBY_057,Simomulyo,Surabaya,Responsiveness,115,55,27.9,0.478,"[0.39, 0.57]",0.471,3.99,Cukup banyak data,True
PKM_SBY_058,Tambakrejo,Surabaya,Responsiveness,84,38,26.8,0.452,"[0.35, 0.56]",0.446,3.58,Cukup banyak data,True
PKM_SBY_059,Tanah Kali Kedinding,Surabaya,Responsiveness,110,51,27.0,0.464,"[0.37, 0.56]",0.458,3.77,Cukup banyak data,True
PKM_SBY_060,Tanjungsari,Surabaya,Responsiveness,68,29,23.0,0.426,"[0.32, 0.54]",0.423,3.27,Cukup banyak data,True
PKM_SBY_061,Tembok Dukuh,Surabaya,Responsiveness,114,42,21.3,0.368,"[0.29, 0.46]",0.372,2.67,Cukup banyak data,True
PKM_SBY_062,Tenggilis,Surabaya,Responsiveness,86,47,29.6,0.547,"[0.44, 0.65]",0.529,4.53,Cukup banyak data,True
PKM_SBY_063,Wonokusumo,Surabaya,Responsiveness,100,39,24.1,0.39,"[0.30, 0.49]",0.391,2.95,Cukup banyak data,True
PKM_SMG_001,Bandarharjo,Semarang,Responsiveness,33,9,21.4,0.273,"[0.15, 0.44]",0.308,1.88,Cukup banyak data,True
PKM_SMG_002,Bangetayu,Semarang,Responsiveness,88,23,20.5,0.261,"[0.18, 0.36]",0.279,1.66,Cukup banyak data,True
PKM_SMG_003,Bugangan,Semarang,Responsiveness,11,2,18.2,0.182,"[0.05, 0.48]",0.298,1.82,Datanya sedang,True
PKM_SMG_004,Bulu Lor,Semarang,Responsiveness,33,8,21.1,0.242,"[0.13, 0.41]",0.286,1.72,Cukup banyak data,True
PKM_SMG_005,Candilama,Semarang,Responsiveness,71,6,7.5,0.085,"[0.04, 0.17]",0.132,1.03,Cukup banyak data,True
PKM_SMG_006,Gayamsari,Semarang,Responsiveness,52,10,16.9,0.192,"[0.11, 0.32]",0.233,1.47,Cukup banyak data,True
PKM_SMG_007,Genuk,Semarang,Responsiveness,28,4,11.4,0.143,"[0.06, 0.31]",0.222,1.38,Datanya sedang,True
PKM_SMG_008,Gunungpati,Semarang,Responsiveness,54,19,29.7,0.352,"[0.24, 0.49]",0.361,2.54,Cukup banyak data,True
PKM_SMG_009,Halmahera,Semarang,Responsiveness,44,18,31.6,0.409,"[0.28, 0.56]",0.408,3.08,Cukup banyak data,True
PKM_SMG_010,Kagok,Semarang,Responsiveness,51,20,31.2,0.392,"[0.27, 0.53]",0.394,2.98,Cukup banyak data,True
PKM_SMG_011,Karangayu,Semarang,Responsiveness,68,3,3.4,0.044,"[0.02, 0.12]",0.099,1.0,Cukup banyak data,True
PKM_SMG_012,Karangdoro,Semarang,Responsiveness,47,3,5.3,0.064,"[0.02, 0.17]",0.134,1.06,Cukup banyak data,True
PKM_SMG_013,Karangmalang,Semarang,Responsiveness,25,3,11.1,0.12,"[0.04, 0.30]",0.213,1.28,Datanya sedang,True
PKM_SMG_014,Kedungmundu,Semarang,Responsiveness,89,43,40.2,0.483,"[0.38, 0.59]",0.473,4.06,Cukup banyak data,True
PKM_SMG_015,Krobokan,Semarang,Responsiveness,39,4,9.3,0.103,"[0.04, 0.24]",0.175,1.16,Cukup banyak data,True
PKM_SMG_016,Lamper Tengah,Semarang,Responsiveness,23,6,25.0,0.261,"[0.13, 0.46]",0.31,1.91,Datanya sedang,True
PKM_SMG_017,Lebdosari,Semarang,Responsiveness,47,14,23.3,0.298,"[0.19, 0.44]",0.32,2.04,Cukup banyak data,True
PKM_SMG_018,Mangkang,Semarang,Responsiveness,8,2,18.2,0.25,"[0.07, 0.59]",0.343,2.26,Data terbatas,False
PKM_SMG_019,Manyaran,Semarang,Responsiveness,42,7,14.9,0.167,"[0.08, 0.31]",0.22,1.35,Cukup banyak data,True
PKM_SMG_020,Mijen,Semarang,Responsiveness,76,15,16.1,0.197,"[0.12, 0.30]",0.226,1.41,Cukup banyak data,True
PKM_SMG_021,Miroto,Semarang,Responsiveness,25,4,14.8,0.16,"[0.06, 0.35]",0.24,1.57,Datanya sedang,True
PKM_SMG_022,Ngaliyan,Semarang,Responsiveness,77,16,15.8,0.208,"[0.13, 0.31]",0.235,1.54,Cukup banyak data,True
PKM_SMG_023,Ngemplak Simongan,Semarang,Responsiveness,22,15,55.6,0.682,"[0.47, 0.84]",0.582,4.91,Datanya sedang,True
PKM_SMG_024,Ngesrep,Semarang,Responsiveness,33,2,6.1,0.061,"[0.02, 0.20]",0.154,1.09,Cukup banyak data,True
PKM_SMG_025,Padangsari,Semarang,Responsiveness,22,6,23.1,0.273,"[0.13, 0.48]",0.319,2.01,Datanya sedang,True
PKM_SMG_026,Pandanaran,Semarang,Responsiveness,38,4,8.2,0.105,"[0.04, 0.24]",0.178,1.19,Cukup banyak data,True
PKM_SMG_027,Pegandan,Semarang,Responsiveness,2,2,66.7,1.0,"[0.34, 1.00]",0.486,4.12,Data terbatas,False
PKM_SMG_028,Poncol,Semarang,Responsiveness,39,8,17.0,0.205,"[0.11, 0.36]",0.253,1.63,Cukup banyak data,True
PKM_SMG_029,Pudakpayung,Semarang,Responsiveness,21,7,24.1,0.333,"[0.17, 0.55]",0.359,2.45,Datanya sedang,True
PKM_SMG_030,Purwoyoso,Semarang,Responsiveness,27,8,23.5,0.296,"[0.16, 0.48]",0.33,2.17,Datanya sedang,True
PKM_SMG_031,Rowosari,Semarang,Responsiveness,62,27,35.5,0.435,"[0.32, 0.56]",0.43,3.33,Cukup banyak data,True
PKM_SMG_032,Sekaran,Semarang,Responsiveness,62,22,30.6,0.355,"[0.25, 0.48]",0.363,2.61,Cukup banyak data,True
PKM_SMG_033,Srondol,Semarang,Responsiveness,38,6,12.5,0.158,"[0.07, 0.30]",0.218,1.31,Cukup banyak data,True
PKM_SMG_034,Tambakaji,Semarang,Responsiveness,18,2,8.7,0.111,"[0.03, 0.33]",0.23,1.44,Datanya sedang,True
PKM_SMG_035,Telogosari Kulon,Semarang,Responsiveness,96,27,21.1,0.281,"[0.20, 0.38]",0.295,1.79,Cukup banyak data,True
PKM_SMG_036,Telogosari Wetan,Semarang,Responsiveness,54,6,9.4,0.111,"[0.05, 0.22]",0.165,1.13,Cukup banyak data,True
PKM_SMG_037,Karanganyar,Semarang,Responsiveness,12,3,20.0,0.25,"[0.09, 0.53]",0.327,2.1,Datanya sedang,True
PKM_BTL_001,Bambanglipuro,Bantul,Reliability,27,8,19.5,0.296,"[0.16, 0.48]",0.388,1.44,Datanya sedang,True
PKM_BTL_002,Banguntapan 1,Bantul,Reliability,69,27,25.0,0.391,"[0.28, 0.51]",0.413,1.85,Cukup banyak data,True
PKM_BTL_003,Banguntapan 2,Bantul,Reliability,89,35,24.5,0.393,"[0.30, 0.50]",0.411,1.76,Cukup banyak data,True
PKM_BTL_004,Banguntapan 3,Bantul,Reliability,68,19,18.8,0.279,"[0.19, 0.40]",0.342,1.0,Cukup banyak data,True
PKM_BTL_005,Bantul 1,Bantul,Reliability,50,24,27.0,0.48,"[0.35, 0.61]",0.467,3.43,Cukup banyak data,True
PKM_BTL_006,Bantul 2,Bantul,Reliability,33,11,18.3,0.333,"[0.20, 0.50]",0.397,1.6,Cukup banyak data,True
PKM_BTL_007,Dlingo 1,Bantul,Reliability,19,4,16.0,0.211,"[0.09, 0.43]",0.373,1.22,Datanya sedang,True
PKM_BTL_008,Dlingo 2,Bantul,Reliability,9,4,36.4,0.444,"[0.19, 0.73]",0.45,2.98,Data terbatas,False
PKM_BTL_009,Imogiri 1,Bantul,Reliability,24,13,35.1,0.542,"[0.35, 0.72]",0.486,3.99,Datanya sedang,True
PKM_BTL_010,Imogiri 2,Bantul,Reliability,28,11,23.9,0.393,"[0.24, 0.58]",0.427,2.26,Datanya sedang,True
PKM_BTL_011,Jetis 1,Bantul,Reliability,31,18,33.3,0.581,"[0.41, 0.74]",0.508,4.53,Cukup banyak data,True
PKM_BTL_012,Jetis 2,Bantul,Reliability,12,5,25.0,0.417,"[0.19, 0.68]",0.443,2.76,Datanya sedang,True
PKM_BTL_013,Kasihan 1,Bantul,Reliability,148,53,21.5,0.358,"[0.29, 0.44]",0.378,1.28,Cukup banyak data,True
PKM_BTL_014,Kasihan 2,Bantul,Reliability,84,41,28.9,0.488,"[0.38, 0.59]",0.476,3.74,Cukup banyak data,True
PKM_BTL_015,Kretek,Bantul,Reliability,26,14,29.2,0.538,"[0.35, 0.71]",0.486,3.99,Datanya sedang,True
PKM_BTL_016,Pajangan,Bantul,Reliability,31,13,24.1,0.419,"[0.26, 0.59]",0.437,2.48,Cukup banyak data,True
PKM_BTL_017,Pandak 1,Bantul,Reliability,33,14,29.8,0.424,"[0.27, 0.59]",0.439,2.64,Cukup banyak data,True
PKM_BTL_018,Pandak 2,Bantul,Reliability,18,8,28.6,0.444,"[0.25, 0.66]",0.449,2.92,Datanya sedang,True
PKM_BTL_019,Piyungan,Bantul,Reliability,40,22,35.5,0.55,"[0.40, 0.69]",0.501,4.37,Cukup banyak data,True
PKM_BTL_020,Pleret,Bantul,Reliability,47,20,25.6,0.426,"[0.30, 0.57]",0.437,2.48,Cukup banyak data,True
PKM_BTL_021,Pundong,Bantul,Reliability,29,18,36.0,0.621,"[0.44, 0.77]",0.523,4.72,Datanya sedang,True
PKM_BTL_022,Sanden,Bantul,Reliability,23,8,21.1,0.348,"[0.19, 0.55]",0.413,1.85,Datanya sedang,True
PKM_BTL_023,Sedayu 1,Bantul,Reliability,28,14,30.4,0.5,"[0.33, 0.67]",0.472,3.61,Datanya sedang,True
PKM_BTL_024,Sedayu 2,Bantul,Reliability,26,14,35.9,0.538,"[0.35, 0.71]",0.486,3.99,Datanya sedang,True
PKM_BTL_025,Sewon 1,Bantul,Reliability,116,55,26.6,0.474,"[0.39, 0.56]",0.468,3.49,Cukup banyak data,True
PKM_BTL_026,Sewon 2,Bantul,Reliability,111,49,25.7,0.441,"[0.35, 0.53]",0.444,2.83,Cukup banyak data,True
PKM_BTL_027,Srandakan,Bantul,Reliability,16,7,26.9,0.438,"[0.23, 0.67]",0.447,2.89,Datanya sedang,True
PKM_SBY_001,Balas  Klumprik,Surabaya,Reliability,28,18,41.9,0.643,"[0.46, 0.79]",0.531,4.78,Datanya sedang,True
PKM_SBY_002,Bangkingan,Surabaya,Reliability,28,7,15.9,0.25,"[0.13, 0.43]",0.367,1.13,Datanya sedang,True
PKM_SBY_003,Banyu  Urip,Surabaya,Reliability,86,49,32.7,0.57,"[0.46, 0.67]",0.533,4.81,Cukup banyak data,True
PKM_SBY_004,Bulak  Banteng,Surabaya,Reliability,66,37,30.6,0.561,"[0.44, 0.67]",0.52,4.69,Cukup banyak data,True
PKM_SBY_005,Dukuh  Kupang,Surabaya,Reliability,146,67,26.9,0.459,"[0.38, 0.54]",0.457,3.17,Cukup banyak data,True
PKM_SBY_006,Gayungan,Surabaya,Reliability,123,64,29.8,0.52,"[0.43, 0.61]",0.504,4.43,Cukup banyak data,True
PKM_SBY_007,Gunung  Anyar,Surabaya,Reliability,157,72,25.8,0.459,"[0.38, 0.54]",0.457,3.17,Cukup banyak data,True
PKM_SBY_008,Jagir,Surabaya,Reliability,144,69,27.2,0.479,"[0.40, 0.56]",0.473,3.65,Cukup banyak data,True
PKM_SBY_009,Jemursari,Surabaya,Reliability,75,27,23.9,0.36,"[0.26, 0.47]",0.391,1.5,Cukup banyak data,True
PKM_SBY_010,Kalijudan,Surabaya,Reliability,69,31,29.2,0.449,"[0.34, 0.57]",0.45,2.98,Cukup banyak data,True
PKM_SBY_011,Kebonsari,Surabaya,Reliability,110,58,27.6,0.527,"[0.43, 0.62]",0.507,4.5,Cukup banyak data,True
PKM_SBY_012,Kedurus,Surabaya,Reliability,64,27,27.6,0.422,"[0.31, 0.54]",0.433,2.39,Cukup banyak data,True
PKM_SBY_013,Keputih,Surabaya,Reliability,149,60,23.4,0.403,"[0.33, 0.48]",0.413,1.85,Cukup banyak data,True
PKM_SBY_014,Klampis  Ngasem,Surabaya,Reliability,71,37,30.1,0.521,"[0.41, 0.63]",0.496,4.34,Cukup banyak data,True
PKM_SBY_015,Made,Surabaya,Reliability,58,20,23.5,0.345,"[0.24, 0.47]",0.388,1.44,Cukup banyak data,True
PKM_SBY_016,Menur,Surabaya,Reliability,115,57,25.6,0.496,"[0.41, 0.59]",0.484,3.96,Cukup banyak data,True
PKM_SBY_017,Morokrembangan,Surabaya,Reliability,100,34,19.5,0.34,"[0.25, 0.44]",0.371,1.16,Cukup banyak data,True
PKM_SBY_018,Mulyorejo,Surabaya,Reliability,73,37,28.5,0.507,"[0.39, 0.62]",0.487,4.12,Cukup banyak data,True
PKM_SBY_019,Ngagel  Rejo,Surabaya,Reliability,88,41,25.3,0.466,"[0.37, 0.57]",0.461,3.24,Cukup banyak data,True
PKM_SBY_020,Pakis,Surabaya,Reliability,66,34,28.6,0.515,"[0.40, 0.63]",0.491,4.24,Cukup banyak data,True
PKM_SBY_021,Putat  Jaya,Surabaya,Reliability,78,43,32.1,0.551,"[0.44, 0.66]",0.518,4.62,Cukup banyak data,True
PKM_SBY_022,Sawah  Pulo,Surabaya,Reliability,29,15,28.3,0.517,"[0.34, 0.69]",0.479,3.83,Datanya sedang,True
PKM_SBY_023,Sawahan,Surabaya,Reliability,77,28,23.3,0.364,"[0.27, 0.48]",0.393,1.54,Cukup banyak data,True
PKM_SBY_024,Sidosermo,Surabaya,Reliability,1,0,0.0,0.0,"[0.00, 0.79]",0.44,2.7,Data terbatas,False
PKM_SBY_025,Siwalankerto,Surabaya,Reliability,81,48,32.2,0.593,"[0.48, 0.69]",0.547,4.94,Cukup banyak data,True
PKM_SBY_026,Tambak  Wedi,Surabaya,Reliability,52,29,28.2,0.558,"[0.42, 0.68]",0.512,4.59,Cukup banyak data,True
PKM_SBY_027,Wiyung,Surabaya,Reliability,109,44,24.3,0.404,"[0.32, 0.50]",0.416,1.98,Cukup banyak data,True
PKM_SBY_028,Wonokromo,Surabaya,Reliability,82,47,30.7,0.573,"[0.47, 0.67]",0.534,4.84,Cukup banyak data,True
PKM_SBY_029,Asemrowo,Surabaya,Reliability,60,30,27.0,0.5,"[0.38, 0.62]",0.481,3.9,Cukup banyak data,True
PKM_SBY_030,Balongsari,Surabaya,Reliability,85,42,30.0,0.494,"[0.39, 0.60]",0.481,3.9,Cukup banyak data,True
PKM_SBY_031,Benowo,Surabaya,Reliability,46,21,29.6,0.457,"[0.32, 0.60]",0.454,3.08,Cukup banyak data,True
PKM_SBY_032,Dr Soetomo,Surabaya,Reliability,134,47,21.5,0.351,"[0.28, 0.43]",0.374,1.25,Cukup banyak data,True
PKM_SBY_033,Dupak,Surabaya,Reliability,54,27,27.6,0.5,"[0.37, 0.63]",0.48,3.87,Cukup banyak data,True
PKM_SBY_034,Gading,Surabaya,Reliability,142,61,25.8,0.43,"[0.35, 0.51]",0.434,2.42,Cukup banyak data,True
PKM_SBY_035,Gundih,Surabaya,Reliability,68,29,24.8,0.426,"[0.32, 0.54]",0.436,2.45,Cukup banyak data,True
PKM_SBY_036,Jeruk,Surabaya,Reliability,49,24,27.0,0.49,"[0.36, 0.63]",0.473,3.65,Cukup banyak data,True
PKM_SBY_037,Kalirungkut,Surabaya,Reliability,109,53,28.0,0.486,"[0.39, 0.58]",0.477,3.77,Cukup banyak data,True
PKM_SBY_038,Kedungdoro,Surabaya,Reliability,73,37,26.4,0.507,"[0.39, 0.62]",0.487,4.12,Cukup banyak data,True
PKM_SBY_039,Kenjeran,Surabaya,Reliability,92,38,24.2,0.413,"[0.32, 0.52]",0.424,2.13,Cukup banyak data,True
PKM_SBY_040,Ketabang,Surabaya,Reliability,43,25,34.2,0.581,"[0.43, 0.72]",0.519,4.65,Cukup banyak data,True
PKM_SBY_041,Krembangan Selatan,Surabaya,Reliability,94,39,24.1,0.415,"[0.32, 0.52]",0.426,2.2,Cukup banyak data,True
PKM_SBY_042,Lidah Kulon,Surabaya,Reliability,33,16,28.6,0.485,"[0.33, 0.65]",0.467,3.43,Cukup banyak data,True
PKM_SBY_043,Lontar,Surabaya,Reliability,70,33,25.6,0.471,"[0.36, 0.59]",0.464,3.36,Cukup banyak data,True
PKM_SBY_044,Manukan Kulon,Surabaya,Reliability,113,64,30.5,0.566,"[0.47, 0.65]",0.537,4.87,Cukup banyak data,True
PKM_SBY_045,Medokan Ayu,Surabaya,Reliability,211,104,28.2,0.493,"[0.43, 0.56]",0.486,3.99,Cukup banyak data,True
PKM_SBY_046,Mojo,Surabaya,Reliability,162,74,25.8,0.457,"[0.38, 0.53]",0.456,3.14,Cukup banyak data,True
PKM_SBY_047,Pacar Keling,Surabaya,Reliability,117,61,30.3,0.521,"[0.43, 0.61]",0.504,4.43,Cukup banyak data,True
PKM_SBY_048,Pegirian,Surabaya,Reliability,36,17,27.0,0.472,"[0.32, 0.63]",0.461,3.24,Cukup banyak data,True
PKM_SBY_049,Peneleh,Surabaya,Reliability,72,31,26.3,0.431,"[0.32, 0.55]",0.438,2.54,Cukup banyak data,True
PKM_SBY_050,Perak Timur,Surabaya,Reliability,87,35,25.0,0.402,"[0.31, 0.51]",0.418,2.01,Cukup banyak data,True
PKM_SBY_051,Pucangsewu,Surabaya,Reliability,78,46,31.7,0.59,"[0.48, 0.69]",0.543,4.91,Cukup banyak data,True
PKM_SBY_052,Rangkah,Surabaya,Reliability,82,44,27.7,0.537,"[0.43, 0.64]",0.509,4.56,Cukup banyak data,True
PKM_SBY_053,Sememi,Surabaya,Reliability,127,59,26.5,0.465,"[0.38, 0.55]",0.461,3.24,Cukup banyak data,True
PKM_SBY_054,Sidotopo,Surabaya,Reliability,62,24,23.1,0.387,"[0.28, 0.51]",0.412,1.79,Cukup banyak data,True
PKM_SBY_055,Sidotopo Wetan,Surabaya,Reliability,118,46,24.7,0.39,"[0.31, 0.48]",0.405,1.72,Cukup banyak data,True
PKM_SBY_056,Simolawang,Surabaya,Reliability,36,20,29.9,0.556,"[0.40, 0.70]",0.501,4.37,Cukup banyak data,True
PKM_SBY_057,Simomulyo,Surabaya,Reliability,115,50,25.4,0.435,"[0.35, 0.53]",0.439,2.64,Cukup banyak data,True
PKM_SBY_058,Tambakrejo,Surabaya,Reliability,84,32,22.5,0.381,"[0.28, 0.49]",0.403,1.69,Cukup banyak data,True
PKM_SBY_059,Tanah Kali Kedinding,Surabaya,Reliability,110,55,29.1,0.5,"[0.41, 0.59]",0.487,4.12,Cukup banyak data,True
PKM_SBY_060,Tanjungsari,Surabaya,Reliability,68,32,25.4,0.471,"[0.36, 0.59]",0.464,3.36,Cukup banyak data,True
PKM_SBY_061,Tembok Dukuh,Surabaya,Reliability,114,55,27.9,0.482,"[0.39, 0.57]",0.474,3.71,Cukup banyak data,True
PKM_SBY_062,Tenggilis,Surabaya,Reliability,86,41,25.8,0.477,"[0.37, 0.58]",0.469,3.55,Cukup banyak data,True
PKM_SBY_063,Wonokusumo,Surabaya,Reliability,100,44,27.2,0.44,"[0.35, 0.54]",0.443,2.76,Cukup banyak data,True
PKM_SMG_001,Bandarharjo,Semarang,Reliability,33,15,35.7,0.455,"[0.30, 0.62]",0.453,3.05,Cukup banyak data,True
PKM_SMG_002,Bangetayu,Semarang,Reliability,88,38,33.9,0.432,"[0.33, 0.54]",0.438,2.54,Cukup banyak data,True
PKM_SMG_003,Bugangan,Semarang,Reliability,11,7,63.6,0.636,"[0.35, 0.85]",0.492,4.28,Datanya sedang,True
PKM_SMG_004,Bulu Lor,Semarang,Reliability,33,10,26.3,0.303,"[0.17, 0.47]",0.384,1.38,Cukup banyak data,True
PKM_SMG_005,Candilama,Semarang,Reliability,71,31,38.8,0.437,"[0.33, 0.55]",0.442,2.73,Cukup banyak data,True
PKM_SMG_006,Gayamsari,Semarang,Reliability,52,25,42.4,0.481,"[0.35, 0.61]",0.468,3.49,Cukup banyak data,True
PKM_SMG_007,Genuk,Semarang,Reliability,28,10,28.6,0.357,"[0.21, 0.54]",0.412,1.79,Datanya sedang,True
PKM_SMG_008,Gunungpati,Semarang,Reliability,54,18,28.1,0.333,"[0.22, 0.47]",0.383,1.35,Cukup banyak data,True
PKM_SMG_009,Halmahera,Semarang,Reliability,44,15,26.3,0.341,"[0.22, 0.49]",0.393,1.54,Cukup banyak data,True
PKM_SMG_010,Kagok,Semarang,Reliability,51,24,37.5,0.471,"[0.34, 0.60]",0.462,3.33,Cukup banyak data,True
PKM_SMG_011,Karangayu,Semarang,Reliability,68,44,49.4,0.647,"[0.53, 0.75]",0.575,4.97,Cukup banyak data,True
PKM_SMG_012,Karangdoro,Semarang,Reliability,47,19,33.3,0.404,"[0.28, 0.55]",0.426,2.2,Cukup banyak data,True
PKM_SMG_013,Karangmalang,Semarang,Reliability,25,14,51.9,0.56,"[0.37, 0.73]",0.494,4.31,Datanya sedang,True
PKM_SMG_014,Kedungmundu,Semarang,Reliability,89,30,28.0,0.337,"[0.25, 0.44]",0.372,1.19,Cukup banyak data,True
PKM_SMG_015,Krobokan,Semarang,Reliability,39,17,39.5,0.436,"[0.29, 0.59]",0.444,2.83,Cukup banyak data,True
PKM_SMG_016,Lamper Tengah,Semarang,Reliability,23,15,62.5,0.652,"[0.45, 0.81]",0.526,4.75,Datanya sedang,True
PKM_SMG_017,Lebdosari,Semarang,Reliability,47,13,21.7,0.277,"[0.17, 0.42]",0.356,1.09,Cukup banyak data,True
PKM_SMG_018,Mangkang,Semarang,Reliability,8,3,27.3,0.375,"[0.14, 0.69]",0.438,2.54,Data terbatas,False
PKM_SMG_019,Manyaran,Semarang,Reliability,42,13,27.7,0.31,"[0.19, 0.46]",0.378,1.28,Cukup banyak data,True
PKM_SMG_020,Mijen,Semarang,Reliability,76,31,33.3,0.408,"[0.30, 0.52]",0.423,2.07,Cukup banyak data,True
PKM_SMG_021,Miroto,Semarang,Reliability,25,7,25.9,0.28,"[0.14, 0.48]",0.385,1.41,Datanya sedang,True
PKM_SMG_022,Ngaliyan,Semarang,Reliability,77,32,31.7,0.416,"[0.31, 0.53]",0.428,2.32,Cukup banyak data,True
PKM_SMG_023,Ngemplak Simongan,Semarang,Reliability,22,4,14.8,0.182,"[0.07, 0.39]",0.354,1.06,Datanya sedang,True
PKM_SMG_024,Ngesrep,Semarang,Reliability,33,11,33.3,0.333,"[0.20, 0.50]",0.397,1.6,Cukup banyak data,True
PKM_SMG_025,Padangsari,Semarang,Reliability,22,11,42.3,0.5,"[0.31, 0.69]",0.469,3.55,Datanya sedang,True
PKM_SMG_026,Pandanaran,Semarang,Reliability,38,20,40.8,0.526,"[0.37, 0.68]",0.488,4.21,Cukup banyak data,True
PKM_SMG_027,Pegandan,Semarang,Reliability,2,1,33.3,0.5,"[0.09, 0.91]",0.454,3.08,Data terbatas,False
PKM_SMG_028,Poncol,Semarang,Reliability,39,16,34.0,0.41,"[0.27, 0.57]",0.431,2.35,Cukup banyak data,True
PKM_SMG_029,Pudakpayung,Semarang,Reliability,21,11,37.9,0.524,"[0.32, 0.72]",0.477,3.77,Datanya sedang,True
PKM_SMG_030,Purwoyoso,Semarang,Reliability,27,5,14.7,0.185,"[0.08, 0.37]",0.343,1.03,Datanya sedang,True
PKM_SMG_031,Rowosari,Semarang,Reliability,62,25,32.9,0.403,"[0.29, 0.53]",0.422,2.04,Cukup banyak data,True
PKM_SMG_032,Sekaran,Semarang,Reliability,62,23,31.9,0.371,"[0.26, 0.50]",0.402,1.66,Cukup banyak data,True
PKM_SMG_033,Srondol,Semarang,Reliability,38,15,31.2,0.395,"[0.26, 0.55]",0.423,2.07,Cukup banyak data,True
PKM_SMG_034,Tambakaji,Semarang,Reliability,18,8,34.8,0.444,"[0.25, 0.66]",0.449,2.92,Datanya sedang,True
PKM_SMG_035,Telogosari Kulon,Semarang,Reliability,96,40,31.2,0.417,"[0.32, 0.52]",0.427,2.26,Cukup banyak data,True
PKM_SMG_036,Telogosari Wetan,Semarang,Reliability,54,21,32.8,0.389,"[0.27, 0.52]",0.415,1.94,Cukup banyak data,True
PKM_SMG_037,Karanganyar,Semarang,Reliability,12,4,26.7,0.333,"[0.14, 0.61]",0.424,2.13,Datanya sedang,True
PKM_BTL_001,Bambanglipuro,Bantul,Assurance,27,3,7.3,0.111,"[0.04, 0.28]",0.162,1.5,Datanya sedang,True
PKM_BTL_002,Banguntapan 1,Bantul,Assurance,69,17,15.7,0.246,"[0.16, 0.36]",0.228,4.37,Cukup banyak data,True
PKM_BTL_003,Banguntapan 2,Bantul,Assurance,89,18,12.6,0.202,"[0.13, 0.30]",0.201,3.61,Cukup banyak data,True
PKM_BTL_004,Banguntapan 3,Bantul,Assurance,68,13,12.9,0.191,"[0.12, 0.30]",0.193,3.3,Cukup banyak data,True
PKM_BTL_005,Bantul 1,Bantul,Assurance,50,7,7.9,0.14,"[0.07, 0.26]",0.165,1.69,Cukup banyak data,True
PKM_BTL_006,Bantul 2,Bantul,Assurance,33,7,11.7,0.212,"[0.11, 0.38]",0.204,3.74,Cukup banyak data,True
PKM_BTL_007,Dlingo 1,Bantul,Assurance,19,4,16.0,0.211,"[0.09, 0.43]",0.201,3.61,Datanya sedang,True
PKM_BTL_008,Dlingo 2,Bantul,Assurance,9,1,9.1,0.111,"[0.02, 0.44]",0.181,2.54,Data terbatas,False
PKM_BTL_009,Imogiri 1,Bantul,Assurance,24,3,8.1,0.125,"[0.04, 0.31]",0.17,1.98,Datanya sedang,True
PKM_BTL_010,Imogiri 2,Bantul,Assurance,28,3,6.5,0.107,"[0.04, 0.27]",0.16,1.41,Datanya sedang,True
PKM_BTL_011,Jetis 1,Bantul,Assurance,31,4,7.4,0.129,"[0.05, 0.29]",0.167,1.79,Cukup banyak data,True
PKM_BTL_012,Jetis 2,Bantul,Assurance,12,3,15.0,0.25,"[0.09, 0.53]",0.209,3.93,Datanya sedang,True
PKM_BTL_013,Kasihan 1,Bantul,Assurance,148,25,10.1,0.169,"[0.12, 0.24]",0.175,2.2,Cukup banyak data,True
PKM_BTL_014,Kasihan 2,Bantul,Assurance,84,13,9.2,0.155,"[0.09, 0.25]",0.168,1.85,Cukup banyak data,True
PKM_BTL_015,Kretek,Bantul,Assurance,26,4,8.3,0.154,"[0.06, 0.34]",0.18,2.51,Datanya sedang,True
PKM_BTL_016,Pajangan,Bantul,Assurance,31,4,7.4,0.129,"[0.05, 0.29]",0.167,1.79,Cukup banyak data,True
PKM_BTL_017,Pandak 1,Bantul,Assurance,33,4,8.5,0.121,"[0.05, 0.27]",0.163,1.54,Cukup banyak data,True
PKM_BTL_018,Pandak 2,Bantul,Assurance,18,0,0.0,0.0,"[0.00, 0.18]",0.136,1.13,Datanya sedang,True
PKM_BTL_019,Piyungan,Bantul,Assurance,40,6,9.7,0.15,"[0.07, 0.29]",0.174,2.13,Cukup banyak data,True
PKM_BTL_020,Pleret,Bantul,Assurance,47,6,7.7,0.128,"[0.06, 0.25]",0.16,1.41,Cukup banyak data,True
PKM_BTL_021,Pundong,Bantul,Assurance,29,6,12.0,0.207,"[0.10, 0.38]",0.201,3.61,Datanya sedang,True
PKM_BTL_022,Sanden,Bantul,Assurance,23,3,7.9,0.13,"[0.05, 0.32]",0.173,2.04,Datanya sedang,True
PKM_BTL_023,Sedayu 1,Bantul,Assurance,28,3,6.5,0.107,"[0.04, 0.27]",0.16,1.41,Datanya sedang,True
PKM_BTL_024,Sedayu 2,Bantul,Assurance,26,3,7.7,0.115,"[0.04, 0.29]",0.165,1.69,Datanya sedang,True
PKM_BTL_025,Sewon 1,Bantul,Assurance,116,30,14.5,0.259,"[0.19, 0.35]",0.243,4.53,Cukup banyak data,True
PKM_BTL_026,Sewon 2,Bantul,Assurance,111,21,11.0,0.189,"[0.13, 0.27]",0.191,3.08,Cukup banyak data,True
PKM_BTL_027,Srandakan,Bantul,Assurance,16,2,7.7,0.125,"[0.03, 0.36]",0.176,2.32,Datanya sedang,True
PKM_SBY_001,Balas  Klumprik,Surabaya,Assurance,28,9,20.9,0.321,"[0.18, 0.51]",0.248,4.65,Datanya sedang,True
PKM_SBY_002,Bangkingan,Surabaya,Assurance,28,9,20.5,0.321,"[0.18, 0.51]",0.248,4.65,Datanya sedang,True
PKM_SBY_003,Banyu  Urip,Surabaya,Assurance,86,19,12.7,0.221,"[0.15, 0.32]",0.213,4.15,Cukup banyak data,True
PKM_SBY_004,Bulak  Banteng,Surabaya,Assurance,66,10,8.3,0.152,"[0.08, 0.26]",0.169,1.88,Cukup banyak data,True
PKM_SBY_005,Dukuh  Kupang,Surabaya,Assurance,146,30,12.0,0.205,"[0.15, 0.28]",0.204,3.74,Cukup banyak data,True
PKM_SBY_006,Gayungan,Surabaya,Assurance,123,24,11.2,0.195,"[0.13, 0.27]",0.196,3.46,Cukup banyak data,True
PKM_SBY_007,Gunung  Anyar,Surabaya,Assurance,157,39,14.0,0.248,"[0.19, 0.32]",0.238,4.46,Cukup banyak data,True
PKM_SBY_008,Jagir,Surabaya,Assurance,144,37,14.6,0.257,"[0.19, 0.33]",0.244,4.56,Cukup banyak data,True
PKM_SBY_009,Jemursari,Surabaya,Assurance,75,12,10.6,0.16,"[0.09, 0.26]",0.173,2.04,Cukup banyak data,True
PKM_SBY_010,Kalijudan,Surabaya,Assurance,69,12,11.3,0.174,"[0.10, 0.28]",0.182,2.61,Cukup banyak data,True
PKM_SBY_011,Kebonsari,Surabaya,Assurance,110,44,21.0,0.4,"[0.31, 0.49]",0.345,4.97,Cukup banyak data,True
PKM_SBY_012,Kedurus,Surabaya,Assurance,64,10,10.2,0.156,"[0.09, 0.26]",0.172,2.01,Cukup banyak data,True
PKM_SBY_013,Keputih,Surabaya,Assurance,149,32,12.5,0.215,"[0.16, 0.29]",0.211,4.02,Cukup banyak data,True
PKM_SBY_014,Klampis  Ngasem,Surabaya,Assurance,71,16,13.0,0.225,"[0.14, 0.34]",0.215,4.21,Cukup banyak data,True
PKM_SBY_015,Made,Surabaya,Assurance,58,14,16.5,0.241,"[0.15, 0.37]",0.223,4.31,Cukup banyak data,True
PKM_SBY_016,Menur,Surabaya,Assurance,115,35,15.7,0.304,"[0.23, 0.39]",0.276,4.87,Cukup banyak data,True
PKM_SBY_017,Morokrembangan,Surabaya,Assurance,100,20,11.5,0.2,"[0.13, 0.29]",0.199,3.58,Cukup banyak data,True
PKM_SBY_018,Mulyorejo,Surabaya,Assurance,73,26,20.0,0.356,"[0.26, 0.47]",0.299,4.94,Cukup banyak data,True
PKM_SBY_019,Ngagel  Rejo,Surabaya,Assurance,88,26,16.0,0.295,"[0.21, 0.40]",0.264,4.84,Cukup banyak data,True
PKM_SBY_020,Pakis,Surabaya,Assurance,66,13,10.9,0.197,"[0.12, 0.31]",0.197,3.52,Cukup banyak data,True
PKM_SBY_021,Putat  Jaya,Surabaya,Assurance,78,18,13.4,0.231,"[0.15, 0.34]",0.219,4.28,Cukup banyak data,True
PKM_SBY_022,Sawah  Pulo,Surabaya,Assurance,29,5,9.4,0.172,"[0.08, 0.35]",0.187,2.89,Datanya sedang,True
PKM_SBY_023,Sawahan,Surabaya,Assurance,77,15,12.5,0.195,"[0.12, 0.30]",0.195,3.36,Cukup banyak data,True
PKM_SBY_024,Sidosermo,Surabaya,Assurance,1,0,0.0,0.0,"[0.00, 0.79]",0.192,3.2,Data terbatas,False
PKM_SBY_025,Siwalankerto,Surabaya,Assurance,81,26,17.4,0.321,"[0.23, 0.43]",0.28,4.91,Cukup banyak data,True
PKM_SBY_026,Tambak  Wedi,Surabaya,Assurance,52,9,8.7,0.173,"[0.09, 0.30]",0.183,2.64,Cukup banyak data,True
PKM_SBY_027,Wiyung,Surabaya,Assurance,109,24,13.3,0.22,"[0.15, 0.31]",0.214,4.18,Cukup banyak data,True
PKM_SBY_028,Wonokromo,Surabaya,Assurance,82,22,14.4,0.268,"[0.18, 0.37]",0.245,4.59,Cukup banyak data,True
PKM_SBY_029,Asemrowo,Surabaya,Assurance,60,9,8.1,0.15,"[0.08, 0.26]",0.169,1.88,Cukup banyak data,True
PKM_SBY_030,Balongsari,Surabaya,Assurance,85,14,10.0,0.165,"[0.10, 0.26]",0.175,2.2,Cukup banyak data,True
PKM_SBY_031,Benowo,Surabaya,Assurance,46,10,14.1,0.217,"[0.12, 0.36]",0.208,3.9,Cukup banyak data,True
PKM_SBY_032,Dr Soetomo,Surabaya,Assurance,134,37,16.9,0.276,"[0.21, 0.36]",0.258,4.72,Cukup banyak data,True
PKM_SBY_033,Dupak,Surabaya,Assurance,54,12,12.2,0.222,"[0.13, 0.35]",0.211,4.02,Cukup banyak data,True
PKM_SBY_034,Gading,Surabaya,Assurance,142,34,14.4,0.239,"[0.18, 0.32]",0.23,4.4,Cukup banyak data,True
PKM_SBY_035,Gundih,Surabaya,Assurance,68,15,12.8,0.221,"[0.14, 0.33]",0.212,4.12,Cukup banyak data,True
PKM_SBY_036,Jeruk,Surabaya,Assurance,49,10,11.2,0.204,"[0.11, 0.34]",0.201,3.61,Cukup banyak data,True
PKM_SBY_037,Kalirungkut,Surabaya,Assurance,109,20,10.6,0.183,"[0.12, 0.27]",0.187,2.89,Cukup banyak data,True
PKM_SBY_038,Kedungdoro,Surabaya,Assurance,73,16,11.4,0.219,"[0.14, 0.33]",0.211,4.02,Cukup banyak data,True
PKM_SBY_039,Kenjeran,Surabaya,Assurance,92,15,9.6,0.163,"[0.10, 0.25]",0.173,2.04,Cukup banyak data,True
PKM_SBY_040,Ketabang,Surabaya,Assurance,43,8,11.0,0.186,"[0.10, 0.33]",0.191,3.08,Cukup banyak data,True
PKM_SBY_041,Krembangan Selatan,Surabaya,Assurance,94,16,9.9,0.17,"[0.11, 0.26]",0.178,2.42,Cukup banyak data,True
PKM_SBY_042,Lidah Kulon,Surabaya,Assurance,33,7,12.5,0.212,"[0.11, 0.38]",0.204,3.74,Cukup banyak data,True
PKM_SBY_043,Lontar,Surabaya,Assurance,70,12,9.3,0.171,"[0.10, 0.28]",0.181,2.54,Cukup banyak data,True
PKM_SBY_044,Manukan Kulon,Surabaya,Assurance,113,18,8.6,0.159,"[0.10, 0.24]",0.169,1.88,Cukup banyak data,True
PKM_SBY_045,Medokan Ayu,Surabaya,Assurance,211,40,10.8,0.19,"[0.14, 0.25]",0.191,3.08,Cukup banyak data,True
PKM_SBY_046,Mojo,Surabaya,Assurance,162,28,9.8,0.173,"[0.12, 0.24]",0.178,2.42,Cukup banyak data,True
PKM_SBY_047,Pacar Keling,Surabaya,Assurance,117,26,12.9,0.222,"[0.16, 0.31]",0.216,4.24,Cukup banyak data,True
PKM_SBY_048,Pegirian,Surabaya,Assurance,36,12,19.0,0.333,"[0.20, 0.50]",0.261,4.81,Cukup banyak data,True
PKM_SBY_049,Peneleh,Surabaya,Assurance,72,13,11.0,0.181,"[0.11, 0.28]",0.186,2.86,Cukup banyak data,True
PKM_SBY_050,Perak Timur,Surabaya,Assurance,87,18,12.9,0.207,"[0.14, 0.30]",0.204,3.74,Cukup banyak data,True
PKM_SBY_051,Pucangsewu,Surabaya,Assurance,78,9,6.2,0.115,"[0.06, 0.20]",0.143,1.25,Cukup banyak data,True
PKM_SBY_052,Rangkah,Surabaya,Assurance,82,22,13.8,0.268,"[0.18, 0.37]",0.245,4.59,Cukup banyak data,True
PKM_SBY_053,Sememi,Surabaya,Assurance,127,25,11.2,0.197,"[0.14, 0.27]",0.197,3.52,Cukup banyak data,True
PKM_SBY_054,Sidotopo,Surabaya,Assurance,62,11,10.6,0.177,"[0.10, 0.29]",0.185,2.8,Cukup banyak data,True
PKM_SBY_055,Sidotopo Wetan,Surabaya,Assurance,118,13,7.0,0.11,"[0.07, 0.18]",0.132,1.09,Cukup banyak data,True
PKM_SBY_056,Simolawang,Surabaya,Assurance,36,7,10.4,0.194,"[0.10, 0.35]",0.196,3.46,Cukup banyak data,True
PKM_SBY_057,Simomulyo,Surabaya,Assurance,115,29,14.7,0.252,"[0.18, 0.34]",0.238,4.46,Cukup banyak data,True
PKM_SBY_058,Tambakrejo,Surabaya,Assurance,84,18,12.7,0.214,"[0.14, 0.31]",0.209,3.93,Cukup banyak data,True
PKM_SBY_059,Tanah Kali Kedinding,Surabaya,Assurance,110,19,10.1,0.173,"[0.11, 0.25]",0.179,2.48,Cukup banyak data,True
PKM_SBY_060,Tanjungsari,Surabaya,Assurance,68,20,15.9,0.294,"[0.20, 0.41]",0.258,4.72,Cukup banyak data,True
PKM_SBY_061,Tembok Dukuh,Surabaya,Assurance,114,27,13.7,0.237,"[0.17, 0.32]",0.226,4.34,Cukup banyak data,True
PKM_SBY_062,Tenggilis,Surabaya,Assurance,86,22,13.8,0.256,"[0.18, 0.36]",0.237,4.43,Cukup banyak data,True
PKM_SBY_063,Wonokusumo,Surabaya,Assurance,100,15,9.3,0.15,"[0.09, 0.23]",0.163,1.54,Cukup banyak data,True
PKM_SMG_001,Bandarharjo,Semarang,Assurance,33,6,14.3,0.182,"[0.09, 0.34]",0.19,2.98,Cukup banyak data,True
PKM_SMG_002,Bangetayu,Semarang,Assurance,88,13,11.6,0.148,"[0.09, 0.24]",0.163,1.54,Cukup banyak data,True
PKM_SMG_003,Bugangan,Semarang,Assurance,11,1,9.1,0.091,"[0.02, 0.38]",0.174,2.13,Datanya sedang,True
PKM_SMG_004,Bulu Lor,Semarang,Assurance,33,6,15.8,0.182,"[0.09, 0.34]",0.19,2.98,Cukup banyak data,True
PKM_SMG_005,Candilama,Semarang,Assurance,71,9,11.2,0.127,"[0.07, 0.22]",0.152,1.31,Cukup banyak data,True
PKM_SMG_006,Gayamsari,Semarang,Assurance,52,9,15.3,0.173,"[0.09, 0.30]",0.183,2.64,Cukup banyak data,True
PKM_SMG_007,Genuk,Semarang,Assurance,28,4,11.4,0.143,"[0.06, 0.31]",0.175,2.2,Datanya sedang,True
PKM_SMG_008,Gunungpati,Semarang,Assurance,54,10,15.6,0.185,"[0.10, 0.31]",0.19,2.98,Cukup banyak data,True
PKM_SMG_009,Halmahera,Semarang,Assurance,44,5,8.8,0.114,"[0.05, 0.24]",0.153,1.35,Cukup banyak data,True
PKM_SMG_010,Kagok,Semarang,Assurance,51,4,6.2,0.078,"[0.03, 0.19]",0.131,1.06,Cukup banyak data,True
PKM_SMG_011,Karangayu,Semarang,Assurance,68,20,22.5,0.294,"[0.20, 0.41]",0.258,4.72,Cukup banyak data,True
PKM_SMG_012,Karangdoro,Semarang,Assurance,47,8,14.0,0.17,"[0.09, 0.30]",0.183,2.64,Cukup banyak data,True
PKM_SMG_013,Karangmalang,Semarang,Assurance,25,1,3.7,0.04,"[0.01, 0.20]",0.137,1.16,Datanya sedang,True
PKM_SMG_014,Kedungmundu,Semarang,Assurance,89,8,7.5,0.09,"[0.05, 0.17]",0.123,1.03,Cukup banyak data,True
PKM_SMG_015,Krobokan,Semarang,Assurance,39,6,14.0,0.154,"[0.07, 0.30]",0.176,2.32,Cukup banyak data,True
PKM_SMG_016,Lamper Tengah,Semarang,Assurance,23,1,4.2,0.043,"[0.01, 0.21]",0.141,1.22,Datanya sedang,True
PKM_SMG_017,Lebdosari,Semarang,Assurance,47,8,13.3,0.17,"[0.09, 0.30]",0.183,2.64,Cukup banyak data,True
PKM_SMG_018,Mangkang,Semarang,Assurance,8,1,9.1,0.125,"[0.02, 0.47]",0.185,2.8,Data terbatas,False
PKM_SMG_019,Manyaran,Semarang,Assurance,42,8,17.0,0.19,"[0.10, 0.33]",0.194,3.33,Cukup banyak data,True
PKM_SMG_020,Mijen,Semarang,Assurance,76,11,11.8,0.145,"[0.08, 0.24]",0.163,1.54,Cukup banyak data,True
PKM_SMG_021,Miroto,Semarang,Assurance,25,4,14.8,0.16,"[0.06, 0.35]",0.183,2.64,Datanya sedang,True
PKM_SMG_022,Ngaliyan,Semarang,Assurance,77,15,14.9,0.195,"[0.12, 0.30]",0.195,3.36,Cukup banyak data,True
PKM_SMG_023,Ngemplak Simongan,Semarang,Assurance,22,3,11.1,0.136,"[0.05, 0.33]",0.175,2.2,Datanya sedang,True
PKM_SMG_024,Ngesrep,Semarang,Assurance,33,4,12.1,0.121,"[0.05, 0.27]",0.163,1.54,Cukup banyak data,True
PKM_SMG_025,Padangsari,Semarang,Assurance,22,4,15.4,0.182,"[0.07, 0.39]",0.192,3.2,Datanya sedang,True
PKM_SMG_026,Pandanaran,Semarang,Assurance,38,7,14.3,0.184,"[0.09, 0.33]",0.191,3.08,Cukup banyak data,True
PKM_SMG_027,Pegandan,Semarang,Assurance,2,0,0.0,0.0,"[0.00, 0.66]",0.188,2.95,Data terbatas,False
PKM_SMG_028,Poncol,Semarang,Assurance,39,6,12.8,0.154,"[0.07, 0.30]",0.176,2.32,Cukup banyak data,True
PKM_SMG_029,Pudakpayung,Semarang,Assurance,21,4,13.8,0.19,"[0.08, 0.40]",0.195,3.36,Datanya sedang,True
PKM_SMG_030,Purwoyoso,Semarang,Assurance,27,5,14.7,0.185,"[0.08, 0.37]",0.192,3.2,Datanya sedang,True
PKM_SMG_031,Rowosari,Semarang,Assurance,62,3,3.9,0.048,"[0.02, 0.13]",0.107,1.0,Cukup banyak data,True
PKM_SMG_032,Sekaran,Semarang,Assurance,62,7,9.7,0.113,"[0.06, 0.22]",0.146,1.28,Cukup banyak data,True
PKM_SMG_033,Srondol,Semarang,Assurance,38,5,10.4,0.132,"[0.06, 0.27]",0.165,1.69,Cukup banyak data,True
PKM_SMG_034,Tambakaji,Semarang,Assurance,18,4,17.4,0.222,"[0.09, 0.45]",0.205,3.87,Datanya sedang,True
PKM_SMG_035,Telogosari Kulon,Semarang,Assurance,96,11,8.6,0.115,"[0.07, 0.19]",0.139,1.19,Cukup banyak data,True
PKM_SMG_036,Telogosari Wetan,Semarang,Assurance,54,7,10.9,0.13,"[0.06, 0.24]",0.158,1.38,Cukup banyak data,True
PKM_SMG_037,Karanganyar,Semarang,Assurance,12,3,20.0,0.25,"[0.09, 0.53]",0.209,3.93,Datanya sedang,True
PKM_BTL_001,Bambanglipuro,Bantul,Empathy,27,17,41.5,0.63,"[0.44, 0.78]",0.587,4.15,Datanya sedang,True
PKM_BTL_002,Banguntapan 1,Bantul,Empathy,69,30,27.8,0.435,"[0.32, 0.55]",0.451,1.98,Cukup banyak data,True
PKM_BTL_003,Banguntapan 2,Bantul,Empathy,89,41,28.7,0.461,"[0.36, 0.56]",0.47,2.35,Cukup banyak data,True
PKM_BTL_004,Banguntapan 3,Bantul,Empathy,68,43,42.6,0.632,"[0.51, 0.74]",0.61,4.5,Cukup banyak data,True
PKM_BTL_005,Bantul 1,Bantul,Empathy,50,34,38.2,0.68,"[0.54, 0.79]",0.64,4.75,Cukup banyak data,True
PKM_BTL_006,Bantul 2,Bantul,Empathy,33,19,31.7,0.576,"[0.41, 0.73]",0.556,3.71,Cukup banyak data,True
PKM_BTL_007,Dlingo 1,Bantul,Empathy,19,11,44.0,0.579,"[0.36, 0.77]",0.55,3.68,Datanya sedang,True
PKM_BTL_008,Dlingo 2,Bantul,Empathy,9,3,27.3,0.333,"[0.12, 0.65]",0.453,2.01,Data terbatas,False
PKM_BTL_009,Imogiri 1,Bantul,Empathy,24,11,29.7,0.458,"[0.28, 0.65]",0.483,2.64,Datanya sedang,True
PKM_BTL_010,Imogiri 2,Bantul,Empathy,28,13,28.3,0.464,"[0.30, 0.64]",0.484,2.7,Datanya sedang,True
PKM_BTL_011,Jetis 1,Bantul,Empathy,31,13,24.1,0.419,"[0.26, 0.59]",0.454,2.04,Cukup banyak data,True
PKM_BTL_012,Jetis 2,Bantul,Empathy,12,4,20.0,0.333,"[0.14, 0.61]",0.44,1.85,Datanya sedang,True
PKM_BTL_013,Kasihan 1,Bantul,Empathy,148,87,35.2,0.588,"[0.51, 0.66]",0.581,4.09,Cukup banyak data,True
PKM_BTL_014,Kasihan 2,Bantul,Empathy,84,40,28.2,0.476,"[0.37, 0.58]",0.483,2.64,Cukup banyak data,True
PKM_BTL_015,Kretek,Bantul,Empathy,26,8,16.7,0.308,"[0.17, 0.50]",0.39,1.44,Datanya sedang,True
PKM_BTL_016,Pajangan,Bantul,Empathy,31,17,31.5,0.548,"[0.38, 0.71]",0.538,3.49,Cukup banyak data,True
PKM_BTL_017,Pandak 1,Bantul,Empathy,33,15,31.9,0.455,"[0.30, 0.62]",0.476,2.51,Cukup banyak data,True
PKM_BTL_018,Pandak 2,Bantul,Empathy,18,11,39.3,0.611,"[0.39, 0.80]",0.566,3.87,Datanya sedang,True
PKM_BTL_019,Piyungan,Bantul,Empathy,40,18,29.0,0.45,"[0.31, 0.60]",0.47,2.35,Cukup banyak data,True
PKM_BTL_020,Pleret,Bantul,Empathy,47,23,29.5,0.489,"[0.35, 0.63]",0.497,2.86,Cukup banyak data,True
PKM_BTL_021,Pundong,Bantul,Empathy,29,15,30.0,0.517,"[0.34, 0.69]",0.517,3.11,Datanya sedang,True
PKM_BTL_022,Sanden,Bantul,Empathy,23,17,44.7,0.739,"[0.54, 0.87]",0.646,4.78,Datanya sedang,True
PKM_BTL_023,Sedayu 1,Bantul,Empathy,28,12,26.1,0.429,"[0.27, 0.61]",0.462,2.17,Datanya sedang,True
PKM_BTL_024,Sedayu 2,Bantul,Empathy,26,9,23.1,0.346,"[0.19, 0.54]",0.413,1.57,Datanya sedang,True
PKM_BTL_025,Sewon 1,Bantul,Empathy,116,57,27.5,0.491,"[0.40, 0.58]",0.495,2.83,Cukup banyak data,True
PKM_BTL_026,Sewon 2,Bantul,Empathy,111,58,30.4,0.523,"[0.43, 0.61]",0.522,3.27,Cukup banyak data,True
PKM_BTL_027,Srandakan,Bantul,Empathy,16,9,34.6,0.562,"[0.33, 0.77]",0.54,3.55,Datanya sedang,True
PKM_SBY_001,Balas  Klumprik,Surabaya,Empathy,28,12,27.9,0.429,"[0.27, 0.61]",0.462,2.17,Datanya sedang,True
PKM_SBY_002,Bangkingan,Surabaya,Empathy,28,12,27.3,0.429,"[0.27, 0.61]",0.462,2.17,Datanya sedang,True
PKM_SBY_003,Banyu  Urip,Surabaya,Empathy,86,45,30.0,0.523,"[0.42, 0.63]",0.522,3.27,Cukup banyak data,True
PKM_SBY_004,Bulak  Banteng,Surabaya,Empathy,66,34,28.1,0.515,"[0.40, 0.63]",0.516,3.08,Cukup banyak data,True
PKM_SBY_005,Dukuh  Kupang,Surabaya,Empathy,146,66,26.5,0.452,"[0.37, 0.53]",0.459,2.13,Cukup banyak data,True
PKM_SBY_006,Gayungan,Surabaya,Empathy,123,68,31.6,0.553,"[0.46, 0.64]",0.549,3.65,Cukup banyak data,True
PKM_SBY_007,Gunung  Anyar,Surabaya,Empathy,157,94,33.7,0.599,"[0.52, 0.67]",0.591,4.24,Cukup banyak data,True
PKM_SBY_008,Jagir,Surabaya,Empathy,144,78,30.7,0.542,"[0.46, 0.62]",0.539,3.52,Cukup banyak data,True
PKM_SBY_009,Jemursari,Surabaya,Empathy,75,46,40.7,0.613,"[0.50, 0.72]",0.596,4.28,Cukup banyak data,True
PKM_SBY_010,Kalijudan,Surabaya,Empathy,69,45,42.5,0.652,"[0.53, 0.75]",0.626,4.65,Cukup banyak data,True
PKM_SBY_011,Kebonsari,Surabaya,Empathy,110,62,29.5,0.564,"[0.47, 0.65]",0.558,3.77,Cukup banyak data,True
PKM_SBY_012,Kedurus,Surabaya,Empathy,64,40,40.8,0.625,"[0.50, 0.73]",0.603,4.37,Cukup banyak data,True
PKM_SBY_013,Keputih,Surabaya,Empathy,149,87,34.0,0.584,"[0.50, 0.66]",0.577,3.99,Cukup banyak data,True
PKM_SBY_014,Klampis  Ngasem,Surabaya,Empathy,71,30,24.4,0.423,"[0.31, 0.54]",0.441,1.88,Cukup banyak data,True
PKM_SBY_015,Made,Surabaya,Empathy,58,37,43.5,0.638,"[0.51, 0.75]",0.611,4.56,Cukup banyak data,True
PKM_SBY_016,Menur,Surabaya,Empathy,115,62,27.8,0.539,"[0.45, 0.63]",0.536,3.43,Cukup banyak data,True
PKM_SBY_017,Morokrembangan,Surabaya,Empathy,100,67,38.5,0.67,"[0.57, 0.75]",0.648,4.81,Cukup banyak data,True
PKM_SBY_018,Mulyorejo,Surabaya,Empathy,73,43,33.1,0.589,"[0.47, 0.69]",0.576,3.96,Cukup banyak data,True
PKM_SBY_019,Ngagel  Rejo,Surabaya,Empathy,88,58,35.8,0.659,"[0.56, 0.75]",0.637,4.72,Cukup banyak data,True
PKM_SBY_020,Pakis,Surabaya,Empathy,66,35,29.4,0.53,"[0.41, 0.65]",0.528,3.33,Cukup banyak data,True
PKM_SBY_021,Putat  Jaya,Surabaya,Empathy,78,46,34.3,0.59,"[0.48, 0.69]",0.577,3.99,Cukup banyak data,True
PKM_SBY_022,Sawah  Pulo,Surabaya,Empathy,29,19,35.8,0.655,"[0.47, 0.80]",0.605,4.4,Datanya sedang,True
PKM_SBY_023,Sawahan,Surabaya,Empathy,77,45,37.5,0.584,"[0.47, 0.69]",0.573,3.93,Cukup banyak data,True
PKM_SBY_024,Sidosermo,Surabaya,Empathy,1,1,100.0,1.0,"[0.21, 1.00]",0.545,3.61,Data terbatas,False
PKM_SBY_025,Siwalankerto,Surabaya,Empathy,81,46,30.9,0.568,"[0.46, 0.67]",0.559,3.8,Cukup banyak data,True
PKM_SBY_026,Tambak  Wedi,Surabaya,Empathy,52,33,32.0,0.635,"[0.50, 0.75]",0.606,4.43,Cukup banyak data,True
PKM_SBY_027,Wiyung,Surabaya,Empathy,109,83,45.9,0.761,"[0.67, 0.83]",0.729,4.94,Cukup banyak data,True
PKM_SBY_028,Wonokromo,Surabaya,Empathy,82,41,26.8,0.5,"[0.39, 0.61]",0.503,2.92,Cukup banyak data,True
PKM_SBY_029,Asemrowo,Surabaya,Empathy,60,36,32.4,0.6,"[0.47, 0.71]",0.582,4.12,Cukup banyak data,True
PKM_SBY_030,Balongsari,Surabaya,Empathy,85,44,31.4,0.518,"[0.41, 0.62]",0.518,3.14,Cukup banyak data,True
PKM_SBY_031,Benowo,Surabaya,Empathy,46,24,33.8,0.522,"[0.38, 0.66]",0.521,3.2,Cukup banyak data,True
PKM_SBY_032,Dr Soetomo,Surabaya,Empathy,134,102,46.6,0.761,"[0.68, 0.83]",0.734,4.97,Cukup banyak data,True
PKM_SBY_033,Dupak,Surabaya,Empathy,54,33,33.7,0.611,"[0.48, 0.73]",0.589,4.21,Cukup banyak data,True
PKM_SBY_034,Gading,Surabaya,Empathy,142,69,29.2,0.486,"[0.41, 0.57]",0.489,2.8,Cukup banyak data,True
PKM_SBY_035,Gundih,Surabaya,Empathy,68,43,36.8,0.632,"[0.51, 0.74]",0.61,4.5,Cukup banyak data,True
PKM_SBY_036,Jeruk,Surabaya,Empathy,49,32,36.0,0.653,"[0.51, 0.77]",0.619,4.59,Cukup banyak data,True
PKM_SBY_037,Kalirungkut,Surabaya,Empathy,109,40,21.2,0.367,"[0.28, 0.46]",0.387,1.38,Cukup banyak data,True
PKM_SBY_038,Kedungdoro,Surabaya,Empathy,73,44,31.4,0.603,"[0.49, 0.71]",0.587,4.15,Cukup banyak data,True
PKM_SBY_039,Kenjeran,Surabaya,Empathy,92,60,38.2,0.652,"[0.55, 0.74]",0.632,4.69,Cukup banyak data,True
PKM_SBY_040,Ketabang,Surabaya,Empathy,43,30,41.1,0.698,"[0.55, 0.81]",0.648,4.81,Cukup banyak data,True
PKM_SBY_041,Krembangan Selatan,Surabaya,Empathy,94,49,30.2,0.521,"[0.42, 0.62]",0.521,3.2,Cukup banyak data,True
PKM_SBY_042,Lidah Kulon,Surabaya,Empathy,33,19,33.9,0.576,"[0.41, 0.73]",0.556,3.71,Cukup banyak data,True
PKM_SBY_043,Lontar,Surabaya,Empathy,70,50,38.8,0.714,"[0.60, 0.81]",0.677,4.91,Cukup banyak data,True
PKM_SBY_044,Manukan Kulon,Surabaya,Empathy,113,57,27.1,0.504,"[0.41, 0.59]",0.506,2.98,Cukup banyak data,True
PKM_SBY_045,Medokan Ayu,Surabaya,Empathy,211,90,24.4,0.427,"[0.36, 0.49]",0.433,1.79,Cukup banyak data,True
PKM_SBY_046,Mojo,Surabaya,Empathy,162,100,34.8,0.617,"[0.54, 0.69]",0.608,4.46,Cukup banyak data,True
PKM_SBY_047,Pacar Keling,Surabaya,Empathy,117,51,25.4,0.436,"[0.35, 0.53]",0.446,1.91,Cukup banyak data,True
PKM_SBY_048,Pegirian,Surabaya,Empathy,36,21,33.3,0.583,"[0.42, 0.73]",0.563,3.83,Cukup banyak data,True
PKM_SBY_049,Peneleh,Surabaya,Empathy,72,34,28.8,0.472,"[0.36, 0.59]",0.481,2.57,Cukup banyak data,True
PKM_SBY_050,Perak Timur,Surabaya,Empathy,87,47,33.6,0.54,"[0.44, 0.64]",0.537,3.46,Cukup banyak data,True
PKM_SBY_051,Pucangsewu,Surabaya,Empathy,78,37,25.5,0.474,"[0.37, 0.58]",0.482,2.61,Cukup banyak data,True
PKM_SBY_052,Rangkah,Surabaya,Empathy,82,42,26.4,0.512,"[0.41, 0.62]",0.513,3.02,Cukup banyak data,True
PKM_SBY_053,Sememi,Surabaya,Empathy,127,73,32.7,0.575,"[0.49, 0.66]",0.568,3.9,Cukup banyak data,True
PKM_SBY_054,Sidotopo,Surabaya,Empathy,62,31,29.8,0.5,"[0.38, 0.62]",0.504,2.95,Cukup banyak data,True
PKM_SBY_055,Sidotopo Wetan,Surabaya,Empathy,118,81,43.5,0.686,"[0.60, 0.76]",0.666,4.87,Cukup banyak data,True
PKM_SBY_056,Simolawang,Surabaya,Empathy,36,17,25.4,0.472,"[0.32, 0.63]",0.487,2.76,Cukup banyak data,True
PKM_SBY_057,Simomulyo,Surabaya,Empathy,115,59,29.9,0.513,"[0.42, 0.60]",0.514,3.05,Cukup banyak data,True
PKM_SBY_058,Tambakrejo,Surabaya,Empathy,84,52,36.6,0.619,"[0.51, 0.72]",0.602,4.34,Cukup banyak data,True
PKM_SBY_059,Tanah Kali Kedinding,Surabaya,Empathy,110,57,30.2,0.518,"[0.43, 0.61]",0.518,3.14,Cukup banyak data,True
PKM_SBY_060,Tanjungsari,Surabaya,Empathy,68,42,33.3,0.618,"[0.50, 0.72]",0.598,4.31,Cukup banyak data,True
PKM_SBY_061,Tembok Dukuh,Surabaya,Empathy,114,67,34.0,0.588,"[0.50, 0.67]",0.579,4.06,Cukup banyak data,True
PKM_SBY_062,Tenggilis,Surabaya,Empathy,86,46,28.9,0.535,"[0.43, 0.64]",0.532,3.36,Cukup banyak data,True
PKM_SBY_063,Wonokusumo,Surabaya,Empathy,100,64,39.5,0.64,"[0.54, 0.73]",0.623,4.62,Cukup banyak data,True
PKM_SMG_001,Bandarharjo,Semarang,Empathy,33,12,28.6,0.364,"[0.22, 0.53]",0.415,1.63,Cukup banyak data,True
PKM_SMG_002,Bangetayu,Semarang,Empathy,88,32,28.6,0.364,"[0.27, 0.47]",0.388,1.41,Cukup banyak data,True
PKM_SMG_003,Bugangan,Semarang,Empathy,11,0,0.0,0.0,"[0.00, 0.26]",0.311,1.09,Datanya sedang,True
PKM_SMG_004,Bulu Lor,Semarang,Empathy,33,14,36.8,0.424,"[0.27, 0.59]",0.456,2.1,Cukup banyak data,True
PKM_SMG_005,Candilama,Semarang,Empathy,71,29,36.2,0.408,"[0.30, 0.52]",0.429,1.76,Cukup banyak data,True
PKM_SMG_006,Gayamsari,Semarang,Empathy,52,12,20.3,0.231,"[0.14, 0.36]",0.3,1.06,Cukup banyak data,True
PKM_SMG_007,Genuk,Semarang,Empathy,28,13,37.1,0.464,"[0.30, 0.64]",0.484,2.7,Datanya sedang,True
PKM_SMG_008,Gunungpati,Semarang,Empathy,54,14,21.9,0.259,"[0.16, 0.39]",0.32,1.16,Cukup banyak data,True
PKM_SMG_009,Halmahera,Semarang,Empathy,44,14,24.6,0.318,"[0.20, 0.47]",0.373,1.35,Cukup banyak data,True
PKM_SMG_010,Kagok,Semarang,Empathy,51,14,21.9,0.275,"[0.17, 0.41]",0.334,1.25,Cukup banyak data,True
PKM_SMG_011,Karangayu,Semarang,Empathy,68,21,23.6,0.309,"[0.21, 0.43]",0.35,1.31,Cukup banyak data,True
PKM_SMG_012,Karangdoro,Semarang,Empathy,47,23,40.4,0.489,"[0.35, 0.63]",0.497,2.86,Cukup banyak data,True
PKM_SMG_013,Karangmalang,Semarang,Empathy,25,8,29.6,0.32,"[0.17, 0.52]",0.399,1.5,Datanya sedang,True
PKM_SMG_014,Kedungmundu,Semarang,Empathy,89,22,20.6,0.247,"[0.17, 0.35]",0.29,1.03,Cukup banyak data,True
PKM_SMG_015,Krobokan,Semarang,Empathy,39,14,32.6,0.359,"[0.23, 0.52]",0.406,1.54,Cukup banyak data,True
PKM_SMG_016,Lamper Tengah,Semarang,Empathy,23,2,8.3,0.087,"[0.02, 0.27]",0.267,1.0,Datanya sedang,True
PKM_SMG_017,Lebdosari,Semarang,Empathy,47,21,35.0,0.447,"[0.31, 0.59]",0.465,2.29,Cukup banyak data,True
PKM_SMG_018,Mangkang,Semarang,Empathy,8,3,27.3,0.375,"[0.14, 0.69]",0.471,2.42,Data terbatas,False
PKM_SMG_019,Manyaran,Semarang,Empathy,42,18,38.3,0.429,"[0.29, 0.58]",0.454,2.04,Cukup banyak data,True
PKM_SMG_020,Mijen,Semarang,Empathy,76,32,34.4,0.421,"[0.32, 0.53]",0.438,1.82,Cukup banyak data,True
PKM_SMG_021,Miroto,Semarang,Empathy,25,11,40.7,0.44,"[0.27, 0.63]",0.471,2.42,Datanya sedang,True
PKM_SMG_022,Ngaliyan,Semarang,Empathy,77,31,30.7,0.403,"[0.30, 0.51]",0.423,1.69,Cukup banyak data,True
PKM_SMG_023,Ngemplak Simongan,Semarang,Empathy,22,4,14.8,0.182,"[0.07, 0.39]",0.326,1.19,Datanya sedang,True
PKM_SMG_024,Ngesrep,Semarang,Empathy,33,15,45.5,0.455,"[0.30, 0.62]",0.476,2.51,Cukup banyak data,True
PKM_SMG_025,Padangsari,Semarang,Empathy,22,4,15.4,0.182,"[0.07, 0.39]",0.326,1.19,Datanya sedang,True
PKM_SMG_026,Pandanaran,Semarang,Empathy,38,14,28.6,0.368,"[0.23, 0.53]",0.414,1.6,Cukup banyak data,True
PKM_SMG_027,Pegandan,Semarang,Empathy,2,0,0.0,0.0,"[0.00, 0.66]",0.462,2.17,Data terbatas,False
PKM_SMG_028,Poncol,Semarang,Empathy,39,15,31.9,0.385,"[0.25, 0.54]",0.424,1.72,Cukup banyak data,True
PKM_SMG_029,Pudakpayung,Semarang,Empathy,21,7,24.1,0.333,"[0.17, 0.55]",0.415,1.63,Datanya sedang,True
PKM_SMG_030,Purwoyoso,Semarang,Empathy,27,15,44.1,0.556,"[0.37, 0.72]",0.541,3.58,Datanya sedang,True
PKM_SMG_031,Rowosari,Semarang,Empathy,62,16,21.1,0.258,"[0.17, 0.38]",0.313,1.13,Cukup banyak data,True
PKM_SMG_032,Sekaran,Semarang,Empathy,62,18,25.0,0.29,"[0.19, 0.41]",0.338,1.28,Cukup banyak data,True
PKM_SMG_033,Srondol,Semarang,Empathy,38,16,33.3,0.421,"[0.28, 0.58]",0.45,1.94,Cukup banyak data,True
PKM_SMG_034,Tambakaji,Semarang,Empathy,18,5,21.7,0.278,"[0.12, 0.51]",0.393,1.47,Datanya sedang,True
PKM_SMG_035,Telogosari Kulon,Semarang,Empathy,96,44,34.4,0.458,"[0.36, 0.56]",0.467,2.32,Cukup banyak data,True
PKM_SMG_036,Telogosari Wetan,Semarang,Empathy,54,29,45.3,0.537,"[0.41, 0.66]",0.532,3.36,Cukup banyak data,True
PKM_SMG_037,Karanganyar,Semarang,Empathy,12,5,33.3,0.417,"[0.19, 0.68]",0.475,2.48,Datanya sedang,True
PKM_BTL_001,Bambanglipuro,Bantul,Tangibles,27,2,4.9,0.074,"[0.02, 0.23]",0.064,3.71,Datanya sedang,True
PKM_BTL_002,Banguntapan 1,Bantul,Tangibles,69,6,5.6,0.087,"[0.04, 0.18]",0.076,4.28,Cukup banyak data,True
PKM_BTL_003,Banguntapan 2,Bantul,Tangibles,89,10,7.0,0.112,"[0.06, 0.19]",0.094,4.78,Cukup banyak data,True
PKM_BTL_004,Banguntapan 3,Bantul,Tangibles,68,3,3.0,0.044,"[0.02, 0.12]",0.049,2.45,Cukup banyak data,True
PKM_BTL_005,Bantul 1,Bantul,Tangibles,50,1,1.1,0.02,"[0.00, 0.10]",0.037,1.5,Cukup banyak data,True
PKM_BTL_006,Bantul 2,Bantul,Tangibles,33,3,5.0,0.091,"[0.03, 0.24]",0.072,4.09,Cukup banyak data,True
PKM_BTL_007,Dlingo 1,Bantul,Tangibles,19,0,0.0,0.0,"[0.00, 0.17]",0.039,1.63,Datanya sedang,True
PKM_BTL_008,Dlingo 2,Bantul,Tangibles,9,0,0.0,0.0,"[0.00, 0.30]",0.047,2.23,Data terbatas,False
PKM_BTL_009,Imogiri 1,Bantul,Tangibles,24,2,5.4,0.083,"[0.02, 0.26]",0.066,3.9,Datanya sedang,True
PKM_BTL_010,Imogiri 2,Bantul,Tangibles,28,3,6.5,0.107,"[0.04, 0.27]",0.077,4.34,Datanya sedang,True
PKM_BTL_011,Jetis 1,Bantul,Tangibles,31,1,1.9,0.032,"[0.01, 0.16]",0.047,2.23,Cukup banyak data,True
PKM_BTL_012,Jetis 2,Bantul,Tangibles,12,1,5.0,0.083,"[0.01, 0.35]",0.063,3.68,Datanya sedang,True
PKM_BTL_013,Kasihan 1,Bantul,Tangibles,148,10,4.0,0.068,"[0.04, 0.12]",0.065,3.77,Cukup banyak data,True
PKM_BTL_014,Kasihan 2,Bantul,Tangibles,84,8,5.6,0.095,"[0.05, 0.18]",0.082,4.53,Cukup banyak data,True
PKM_BTL_015,Kretek,Bantul,Tangibles,26,6,12.5,0.231,"[0.11, 0.42]",0.123,4.94,Datanya sedang,True
PKM_BTL_016,Pajangan,Bantul,Tangibles,31,2,3.7,0.065,"[0.02, 0.21]",0.06,3.46,Cukup banyak data,True
PKM_BTL_017,Pandak 1,Bantul,Tangibles,33,2,4.3,0.061,"[0.02, 0.20]",0.059,3.43,Cukup banyak data,True
PKM_BTL_018,Pandak 2,Bantul,Tangibles,18,1,3.6,0.056,"[0.01, 0.26]",0.057,3.33,Datanya sedang,True
PKM_BTL_019,Piyungan,Bantul,Tangibles,40,1,1.6,0.025,"[0.00, 0.13]",0.041,1.79,Cukup banyak data,True
PKM_BTL_020,Pleret,Bantul,Tangibles,47,6,7.7,0.128,"[0.06, 0.25]",0.094,4.78,Cukup banyak data,True
PKM_BTL_021,Pundong,Bantul,Tangibles,29,0,0.0,0.0,"[0.00, 0.12]",0.034,1.35,Datanya sedang,True
PKM_BTL_022,Sanden,Bantul,Tangibles,23,2,5.3,0.087,"[0.02, 0.27]",0.068,3.93,Datanya sedang,True
PKM_BTL_023,Sedayu 1,Bantul,Tangibles,28,4,8.7,0.143,"[0.06, 0.31]",0.091,4.72,Datanya sedang,True
PKM_BTL_024,Sedayu 2,Bantul,Tangibles,26,0,0.0,0.0,"[0.00, 0.13]",0.035,1.41,Datanya sedang,True
PKM_BTL_025,Sewon 1,Bantul,Tangibles,116,5,2.4,0.043,"[0.02, 0.10]",0.047,2.23,Cukup banyak data,True
PKM_BTL_026,Sewon 2,Bantul,Tangibles,111,8,4.2,0.072,"[0.04, 0.14]",0.068,3.93,Cukup banyak data,True
PKM_BTL_027,Srandakan,Bantul,Tangibles,16,0,0.0,0.0,"[0.00, 0.19]",0.041,1.79,Datanya sedang,True
PKM_SBY_001,Balas  Klumprik,Surabaya,Tangibles,28,1,2.3,0.036,"[0.01, 0.18]",0.049,2.45,Datanya sedang,True
PKM_SBY_002,Bangkingan,Surabaya,Tangibles,28,3,6.8,0.107,"[0.04, 0.27]",0.077,4.34,Datanya sedang,True
PKM_SBY_003,Banyu  Urip,Surabaya,Tangibles,86,5,3.3,0.058,"[0.03, 0.13]",0.058,3.39,Cukup banyak data,True
PKM_SBY_004,Bulak  Banteng,Surabaya,Tangibles,66,12,9.9,0.182,"[0.11, 0.29]",0.133,4.97,Cukup banyak data,True
PKM_SBY_005,Dukuh  Kupang,Surabaya,Tangibles,146,4,1.6,0.027,"[0.01, 0.07]",0.034,1.35,Cukup banyak data,True
PKM_SBY_006,Gayungan,Surabaya,Tangibles,123,5,2.3,0.041,"[0.02, 0.09]",0.045,2.1,Cukup banyak data,True
PKM_SBY_007,Gunung  Anyar,Surabaya,Tangibles,157,8,2.9,0.051,"[0.03, 0.10]",0.052,2.76,Cukup banyak data,True
PKM_SBY_008,Jagir,Surabaya,Tangibles,144,7,2.8,0.049,"[0.02, 0.10]",0.051,2.67,Cukup banyak data,True
PKM_SBY_009,Jemursari,Surabaya,Tangibles,75,3,2.7,0.04,"[0.01, 0.11]",0.046,2.17,Cukup banyak data,True
PKM_SBY_010,Kalijudan,Surabaya,Tangibles,69,0,0.0,0.0,"[0.00, 0.05]",0.022,1.06,Cukup banyak data,True
PKM_SBY_011,Kebonsari,Surabaya,Tangibles,110,7,3.3,0.064,"[0.03, 0.13]",0.062,3.58,Cukup banyak data,True
PKM_SBY_012,Kedurus,Surabaya,Tangibles,64,1,1.0,0.016,"[0.00, 0.08]",0.032,1.22,Cukup banyak data,True
PKM_SBY_013,Keputih,Surabaya,Tangibles,149,16,6.2,0.107,"[0.07, 0.17]",0.096,4.84,Cukup banyak data,True
PKM_SBY_014,Klampis  Ngasem,Surabaya,Tangibles,71,2,1.6,0.028,"[0.01, 0.10]",0.039,1.63,Cukup banyak data,True
PKM_SBY_015,Made,Surabaya,Tangibles,58,2,2.4,0.034,"[0.01, 0.12]",0.044,1.98,Cukup banyak data,True
PKM_SBY_016,Menur,Surabaya,Tangibles,115,7,3.1,0.061,"[0.03, 0.12]",0.06,3.46,Cukup banyak data,True
PKM_SBY_017,Morokrembangan,Surabaya,Tangibles,100,8,4.6,0.08,"[0.04, 0.15]",0.073,4.21,Cukup banyak data,True
PKM_SBY_018,Mulyorejo,Surabaya,Tangibles,73,3,2.3,0.041,"[0.01, 0.11]",0.047,2.23,Cukup banyak data,True
PKM_SBY_019,Ngagel  Rejo,Surabaya,Tangibles,88,4,2.5,0.045,"[0.02, 0.11]",0.049,2.45,Cukup banyak data,True
PKM_SBY_020,Pakis,Surabaya,Tangibles,66,2,1.7,0.03,"[0.01, 0.10]",0.041,1.79,Cukup banyak data,True
PKM_SBY_021,Putat  Jaya,Surabaya,Tangibles,78,4,3.0,0.051,"[0.02, 0.12]",0.053,2.86,Cukup banyak data,True
PKM_SBY_022,Sawah  Pulo,Surabaya,Tangibles,29,1,1.9,0.034,"[0.01, 0.17]",0.048,2.42,Datanya sedang,True
PKM_SBY_023,Sawahan,Surabaya,Tangibles,77,8,6.7,0.104,"[0.05, 0.19]",0.087,4.62,Cukup banyak data,True
PKM_SBY_024,Sidosermo,Surabaya,Tangibles,1,0,0.0,0.0,"[0.00, 0.79]",0.056,3.14,Data terbatas,False
PKM_SBY_025,Siwalankerto,Surabaya,Tangibles,81,3,2.0,0.037,"[0.01, 0.10]",0.044,1.98,Cukup banyak data,True
PKM_SBY_026,Tambak  Wedi,Surabaya,Tangibles,52,4,3.9,0.077,"[0.03, 0.18]",0.068,3.93,Cukup banyak data,True
PKM_SBY_027,Wiyung,Surabaya,Tangibles,109,0,0.0,0.0,"[0.00, 0.03]",0.016,1.0,Cukup banyak data,True
PKM_SBY_028,Wonokromo,Surabaya,Tangibles,82,4,2.6,0.049,"[0.02, 0.12]",0.052,2.76,Cukup banyak data,True
PKM_SBY_029,Asemrowo,Surabaya,Tangibles,60,3,2.7,0.05,"[0.02, 0.14]",0.053,2.86,Cukup banyak data,True
PKM_SBY_030,Balongsari,Surabaya,Tangibles,85,4,2.9,0.047,"[0.02, 0.11]",0.05,2.64,Cukup banyak data,True
PKM_SBY_031,Benowo,Surabaya,Tangibles,46,0,0.0,0.0,"[0.00, 0.08]",0.027,1.13,Cukup banyak data,True
PKM_SBY_032,Dr Soetomo,Surabaya,Tangibles,134,9,4.1,0.067,"[0.04, 0.12]",0.065,3.77,Cukup banyak data,True
PKM_SBY_033,Dupak,Surabaya,Tangibles,54,2,2.0,0.037,"[0.01, 0.13]",0.046,2.17,Cukup banyak data,True
PKM_SBY_034,Gading,Surabaya,Tangibles,142,14,5.9,0.099,"[0.06, 0.16]",0.089,4.69,Cukup banyak data,True
PKM_SBY_035,Gundih,Surabaya,Tangibles,68,6,5.1,0.088,"[0.04, 0.18]",0.076,4.28,Cukup banyak data,True
PKM_SBY_036,Jeruk,Surabaya,Tangibles,49,1,1.1,0.02,"[0.00, 0.11]",0.037,1.5,Cukup banyak data,True
PKM_SBY_037,Kalirungkut,Surabaya,Tangibles,109,8,4.2,0.073,"[0.04, 0.14]",0.069,4.02,Cukup banyak data,True
PKM_SBY_038,Kedungdoro,Surabaya,Tangibles,73,4,2.9,0.055,"[0.02, 0.13]",0.056,3.14,Cukup banyak data,True
PKM_SBY_039,Kenjeran,Surabaya,Tangibles,92,1,0.6,0.011,"[0.00, 0.06]",0.025,1.09,Cukup banyak data,True
PKM_SBY_040,Ketabang,Surabaya,Tangibles,43,2,2.7,0.047,"[0.01, 0.15]",0.052,2.76,Cukup banyak data,True
PKM_SBY_041,Krembangan Selatan,Surabaya,Tangibles,94,4,2.5,0.043,"[0.02, 0.10]",0.047,2.23,Cukup banyak data,True
PKM_SBY_042,Lidah Kulon,Surabaya,Tangibles,33,3,5.4,0.091,"[0.03, 0.24]",0.072,4.09,Cukup banyak data,True
PKM_SBY_043,Lontar,Surabaya,Tangibles,70,2,1.6,0.029,"[0.01, 0.10]",0.039,1.63,Cukup banyak data,True
PKM_SBY_044,Manukan Kulon,Surabaya,Tangibles,113,7,3.3,0.062,"[0.03, 0.12]",0.061,3.52,Cukup banyak data,True
PKM_SBY_045,Medokan Ayu,Surabaya,Tangibles,211,19,5.1,0.09,"[0.06, 0.14]",0.085,4.56,Cukup banyak data,True
PKM_SBY_046,Mojo,Surabaya,Tangibles,162,3,1.0,0.019,"[0.01, 0.05]",0.027,1.13,Cukup banyak data,True
PKM_SBY_047,Pacar Keling,Surabaya,Tangibles,117,10,5.0,0.085,"[0.05, 0.15]",0.078,4.43,Cukup banyak data,True
PKM_SBY_048,Pegirian,Surabaya,Tangibles,36,2,3.2,0.056,"[0.02, 0.18]",0.056,3.14,Cukup banyak data,True
PKM_SBY_049,Peneleh,Surabaya,Tangibles,72,2,1.7,0.028,"[0.01, 0.10]",0.039,1.63,Cukup banyak data,True
PKM_SBY_050,Perak Timur,Surabaya,Tangibles,87,7,5.0,0.08,"[0.04, 0.16]",0.073,4.21,Cukup banyak data,True
PKM_SBY_051,Pucangsewu,Surabaya,Tangibles,78,5,3.4,0.064,"[0.03, 0.14]",0.062,3.58,Cukup banyak data,True
PKM_SBY_052,Rangkah,Surabaya,Tangibles,82,3,1.9,0.037,"[0.01, 0.10]",0.044,1.98,Cukup banyak data,True
PKM_SBY_053,Sememi,Surabaya,Tangibles,127,7,3.1,0.055,"[0.03, 0.11]",0.056,3.14,Cukup banyak data,True
PKM_SBY_054,Sidotopo,Surabaya,Tangibles,62,1,1.0,0.016,"[0.00, 0.09]",0.033,1.31,Cukup banyak data,True
PKM_SBY_055,Sidotopo Wetan,Surabaya,Tangibles,118,10,5.4,0.085,"[0.05, 0.15]",0.077,4.34,Cukup banyak data,True
PKM_SBY_056,Simolawang,Surabaya,Tangibles,36,2,3.0,0.056,"[0.02, 0.18]",0.056,3.14,Cukup banyak data,True
PKM_SBY_057,Simomulyo,Surabaya,Tangibles,115,4,2.0,0.035,"[0.01, 0.09]",0.041,1.79,Cukup banyak data,True
PKM_SBY_058,Tambakrejo,Surabaya,Tangibles,84,2,1.4,0.024,"[0.01, 0.08]",0.035,1.41,Cukup banyak data,True
PKM_SBY_059,Tanah Kali Kedinding,Surabaya,Tangibles,110,7,3.7,0.064,"[0.03, 0.13]",0.062,3.58,Cukup banyak data,True
PKM_SBY_060,Tanjungsari,Surabaya,Tangibles,68,3,2.4,0.044,"[0.02, 0.12]",0.049,2.45,Cukup banyak data,True
PKM_SBY_061,Tembok Dukuh,Surabaya,Tangibles,114,6,3.0,0.053,"[0.02, 0.11]",0.054,2.98,Cukup banyak data,True
PKM_SBY_062,Tenggilis,Surabaya,Tangibles,86,3,1.9,0.035,"[0.01, 0.10]",0.042,1.91,Cukup banyak data,True
PKM_SBY_063,Wonokusumo,Surabaya,Tangibles,100,0,0.0,0.0,"[0.00, 0.04]",0.017,1.03,Cukup banyak data,True
PKM_SMG_001,Bandarharjo,Semarang,Tangibles,33,0,0.0,0.0,"[0.00, 0.10]",0.032,1.22,Cukup banyak data,True
PKM_SMG_002,Bangetayu,Semarang,Tangibles,88,6,5.4,0.068,"[0.03, 0.14]",0.065,3.77,Cukup banyak data,True
PKM_SMG_003,Bugangan,Semarang,Tangibles,11,1,9.1,0.091,"[0.02, 0.38]",0.064,3.71,Datanya sedang,True
PKM_SMG_004,Bulu Lor,Semarang,Tangibles,33,0,0.0,0.0,"[0.00, 0.10]",0.032,1.22,Cukup banyak data,True
PKM_SMG_005,Candilama,Semarang,Tangibles,71,5,6.2,0.07,"[0.03, 0.15]",0.065,3.77,Cukup banyak data,True
PKM_SMG_006,Gayamsari,Semarang,Tangibles,52,3,5.1,0.058,"[0.02, 0.16]",0.057,3.33,Cukup banyak data,True
PKM_SMG_007,Genuk,Semarang,Tangibles,28,4,11.4,0.143,"[0.06, 0.31]",0.091,4.72,Datanya sedang,True
PKM_SMG_008,Gunungpati,Semarang,Tangibles,54,3,4.7,0.056,"[0.02, 0.15]",0.056,3.14,Cukup banyak data,True
PKM_SMG_009,Halmahera,Semarang,Tangibles,44,5,8.8,0.114,"[0.05, 0.24]",0.086,4.59,Cukup banyak data,True
PKM_SMG_010,Kagok,Semarang,Tangibles,51,2,3.1,0.039,"[0.01, 0.13]",0.047,2.23,Cukup banyak data,True
PKM_SMG_011,Karangayu,Semarang,Tangibles,68,1,1.1,0.015,"[0.00, 0.08]",0.031,1.19,Cukup banyak data,True
PKM_SMG_012,Karangdoro,Semarang,Tangibles,47,4,7.0,0.085,"[0.03, 0.20]",0.072,4.09,Cukup banyak data,True
PKM_SMG_013,Karangmalang,Semarang,Tangibles,25,1,3.7,0.04,"[0.01, 0.20]",0.051,2.67,Datanya sedang,True
PKM_SMG_014,Kedungmundu,Semarang,Tangibles,89,4,3.7,0.045,"[0.02, 0.11]",0.049,2.45,Cukup banyak data,True
PKM_SMG_015,Krobokan,Semarang,Tangibles,39,2,4.7,0.051,"[0.01, 0.17]",0.054,2.98,Cukup banyak data,True
PKM_SMG_016,Lamper Tengah,Semarang,Tangibles,23,0,0.0,0.0,"[0.00, 0.14]",0.037,1.5,Datanya sedang,True
PKM_SMG_017,Lebdosari,Semarang,Tangibles,47,4,6.7,0.085,"[0.03, 0.20]",0.072,4.09,Cukup banyak data,True
PKM_SMG_018,Mangkang,Semarang,Tangibles,8,2,18.2,0.25,"[0.07, 0.59]",0.088,4.65,Data terbatas,False
PKM_SMG_019,Manyaran,Semarang,Tangibles,42,1,2.1,0.024,"[0.00, 0.12]",0.04,1.76,Cukup banyak data,True
PKM_SMG_020,Mijen,Semarang,Tangibles,76,4,4.3,0.053,"[0.02, 0.13]",0.054,2.98,Cukup banyak data,True
PKM_SMG_021,Miroto,Semarang,Tangibles,25,1,3.7,0.04,"[0.01, 0.20]",0.051,2.67,Datanya sedang,True
PKM_SMG_022,Ngaliyan,Semarang,Tangibles,77,7,6.9,0.091,"[0.04, 0.18]",0.079,4.46,Cukup banyak data,True
PKM_SMG_023,Ngemplak Simongan,Semarang,Tangibles,22,1,3.7,0.045,"[0.01, 0.22]",0.053,2.86,Datanya sedang,True
PKM_SMG_024,Ngesrep,Semarang,Tangibles,33,1,3.0,0.03,"[0.01, 0.15]",0.045,2.1,Cukup banyak data,True
PKM_SMG_025,Padangsari,Semarang,Tangibles,22,1,3.8,0.045,"[0.01, 0.22]",0.053,2.86,Datanya sedang,True
PKM_SMG_026,Pandanaran,Semarang,Tangibles,38,4,8.2,0.105,"[0.04, 0.24]",0.08,4.5,Cukup banyak data,True
PKM_SMG_027,Pegandan,Semarang,Tangibles,2,0,0.0,0.0,"[0.00, 0.66]",0.054,2.98,Data terbatas,False
PKM_SMG_028,Poncol,Semarang,Tangibles,39,2,4.3,0.051,"[0.01, 0.17]",0.054,2.98,Cukup banyak data,True
PKM_SMG_029,Pudakpayung,Semarang,Tangibles,21,0,0.0,0.0,"[0.00, 0.15]",0.038,1.6,Datanya sedang,True
PKM_SMG_030,Purwoyoso,Semarang,Tangibles,27,1,2.9,0.037,"[0.01, 0.18]",0.049,2.45,Datanya sedang,True
PKM_SMG_031,Rowosari,Semarang,Tangibles,62,5,6.6,0.081,"[0.03, 0.18]",0.071,4.06,Cukup banyak data,True
PKM_SMG_032,Sekaran,Semarang,Tangibles,62,2,2.8,0.032,"[0.01, 0.11]",0.042,1.91,Cukup banyak data,True
PKM_SMG_033,Srondol,Semarang,Tangibles,38,6,12.5,0.158,"[0.07, 0.30]",0.105,4.87,Cukup banyak data,True
PKM_SMG_034,Tambakaji,Semarang,Tangibles,18,4,17.4,0.222,"[0.09, 0.45]",0.106,4.91,Datanya sedang,True
PKM_SMG_035,Telogosari Kulon,Semarang,Tangibles,96,6,4.7,0.062,"[0.03, 0.13]",0.061,3.52,Cukup banyak data,True
PKM_SMG_036,Telogosari Wetan,Semarang,Tangibles,54,1,1.6,0.019,"[0.00, 0.10]",0.035,1.41,Cukup banyak data,True
PKM_SMG_037,Karanganyar,Semarang,Tangibles,12,0,0.0,0.0,"[0.00, 0.24]",0.044,1.98,Datanya sedang,True
