review_id,puskesmas_id,puskesmas_name,puskesmas_title,wilayah,rating,review_text,reviewer_name,review_url,puskesmas_url,source_file,text_length,is_empty_text,is_very_short,has_rating,emoji_saja
PKM_BTL_002_R0701_9ff471ff,PKM_BTL_002,Banguntapan 1,Puskesmas Banguntapan I,Bantul,4,👍,Hexa Ramdhanandro Sugiarto,https://www.google.com/maps/reviews/data=!4m8!14m7!1m6!2m5!1sChdDSUhNMG9nS0VJQ0FnSURNX1AyejB3RRAB!2m1!1s0x0:0xffdc103a686be36c!3m1!1s2@1:CIHM0ogKEICAgIDM_P2z0wE%7C%7C?hl=id,https://www.google.com/maps/search/?api=1&query=Puskesmas%20Banguntapan%20I&query_place_id=ChIJNyPDDjBXei4RbONraDoQ3P8,Puskesmas Banguntapan 1.csv,1,False,True,True,True
PKM_BTL_002_R0727_ff66a15d,PKM_BTL_002,Banguntapan 1,Puskesmas Banguntapan I,Bantul,4,👍👍,Dwi Indar,https://www.google.com/maps/reviews/data=!4m8!14m7!1m6!2m5!1sChZDSUhNMG9nS0VJQ0FnSUN3emJMa1BnEAE!2m1!1s0x0:0xffdc103a686be36c!3m1!1s2@1:CIHM0ogKEICAgICwzbLkPg%7C%7C?hl=id,https://www.google.com/maps/search/?api=1&query=Puskesmas%20Banguntapan%20I&query_place_id=ChIJNyPDDjBXei4RbONraDoQ3P8,Puskesmas Banguntapan 1.csv,2,False,True,True,True
PKM_BTL_004_R0479_d0fed172,PKM_BTL_004,Banguntapan 3,Puskesmas Banguntapan III,Bantul,5,👍👍👍,Imerda Mifthahul Najwah,https://www.google.com/maps/reviews/data=!4m8!14m7!1m6!2m5!1sChdDSUhNMG9nS0VJQ0FnSUMxdGVTMmdRRRAB!2m1!1s0x0:0x68b33c42a512b3cc!3m1!1s2@1:CIHM0ogKEICAgIC1teS2gQE%7C%7C?hl=id,https://www.google.com/maps/search/?api=1&query=Puskesmas%20Banguntapan%20III&query_place_id=ChIJ2aGlrWlXei4RzLMSpUI8s2g,Puskesmas Banguntapan 3.csv,3,False,True,True,True
PKM_BTL_004_R0571_bd8c1ff3,PKM_BTL_004,Banguntapan 3,Puskesmas Banguntapan III,Bantul,5,👍👍👍,Najiba Hasna,https://www.google.com/maps/reviews/data=!4m8!14m7!1m6!2m5!1sChZDSUhNMG9nS0VJQ0FnSURKdkttR05BEAE!2m1!1s0x0:0x68b33c42a512b3cc!3m1!1s2@1:CIHM0ogKEICAgIDJvKmGNA%7C%7C?hl=id,https://www.google.com/maps/search/?api=1&query=Puskesmas%20Banguntapan%20III&query_place_id=ChIJ2aGlrWlXei4RzLMSpUI8s2g,Puskesmas Banguntapan 3.csv,3,False,True,True,True
PKM_BTL_005_R0410_ef876733,PKM_BTL_005,Bantul 1,Puskesmas Bantul 1,Bantul,5,🙏🏻,Hardika Joni,https://www.google.com/maps/reviews/data=!4m8!14m7!1m6!2m5!1sChdDSUhNMG9nS0VJQ0FnSURwMS1YUXBBRRAB!2m1!1s0x0:0xff42f7d8bfa9db73!3m1!1s2@1:CIHM0ogKEICAgIDp1-XQpAE%7C%7C?hl=id,https://www.google.com/maps/search/?api=1&query=Puskesmas%20Bantul%201&query_place_id=ChIJo5AQBV3_ei4Rc9upv9j3Qv8,Puskesmas Bantul 1.csv,2,False,True,True,True
PKM_BTL_006_R0072_4d2e3264,PKM_BTL_006,Bantul 2,Puskesmas Bantul 2,Bantul,5,🫶,January Christy,https://www.google.com/maps/reviews/data=!4m8!14m7!1m6!2m5!1sChdDSUhNMG9nS0VJQ0FnSUNqdEthRzZnRRAB!2m1!1s0x0:0x7f6976f108109f81!3m1!1s2@1:CIHM0ogKEICAgICjtKaG6gE%7C%7C?hl=id,https://www.google.com/maps/search/?api=1&query=Puskesmas%20Bantul%202&query_place_id=ChIJp2Pf8aj4ei4RgZ8QCPF2aX8,Puskesmas Bantul 2.csv,1,False,True,True,True
PKM_BTL_006_R0251_f8773489,PKM_BTL_006,Bantul 2,Puskesmas Bantul 2,Bantul,5,👍,Tyas Ningrum,https://www.google.com/maps/reviews/data=!4m8!14m7!1m6!2m5!1sChdDSUhNMG9nS0VJQ0FnSUNza1otTnV3RRAB!2m1!1s0x0:0x7f6976f108109f81!3m1!1s2@1:CIHM0ogKEICAgICskZ-NuwE%7C%7C?hl=id,https://www.google.com/maps/search/?api=1&query=Puskesmas%20Bantul%202&query_place_id=ChIJp2Pf8aj4ei4RgZ8QCPF2aX8,Puskesmas Bantul 2.csv,1,False,True,True,True
PKM_BTL_006_R0315_9363ce94,PKM_BTL_006,Bantul 2,Puskesmas Bantul 2,Bantul,5,👍👍👍👍👍,Liu Min Fwee,https://www.google.com/maps/reviews/data=!4m8!14m7!1m6!2m5!1sChdDSUhNMG9nS0VJQ0FnSUNZNnN2dzFRRRAB!2m1!1s0x0:0x7f6976f108109f81!3m1!1s2@1:CIHM0ogKEICAgICY6svw1QE%7C%7C?hl=id,https://www.google.com/maps/search/?api=1&query=Puskesmas%20Bantul%202&query_place_id=ChIJp2Pf8aj4ei4RgZ8QCPF2aX8,Puskesmas Bantul 2.csv,5,False,True,True,True
PKM_BTL_008_R0003_53c7e374,PKM_BTL_008,Dlingo 2,Puskesmas Dlingo II,Bantul,5,👍👍👍,Narti ThaEnbibo,https://www.google.com/maps/reviews/data=!4m8!14m7!1m6!2m5!1sCi9DQUlRQUNvZENodHljRjlvT2tzMlNIUTBiVTB5TFdaMWRGTkZSbUZTTWtSUWIwRRAB!2m1!1s0x0:0xf44c2a81fd188cd5!3m1!1s2@1:CAIQACodChtycF9oOks2SHQ0bU0yLWZ1dFNFRmFSMkRQb0E%7C%7C?hl=id,https://www.google.com/maps/search/?api=1&query=Puskesmas%20Dlingo%20II&query_place_id=ChIJj_woPCpTei4R1YwY_YEqTPQ,Puskesmas Dlingo 2.csv,3,False,True,True,True
PKM_BTL_009_R0152_611a4973,PKM_BTL_009,Imogiri 1,Puskesmas Imogiri I,Bantul,5,🤫,Tam Tam,https://www.google.com/maps/reviews/data=!4m8!14m7!1m6!2m5!1sChdDSUhNMG9nS0VJQ0FnSURSdk55dXZRRRAB!2m1!1s0x0:0x20942b7e0c39ab51!3m1!1s2@1:CIHM0ogKEICAgIDRvNyuvQE%7C%7C?hl=id,https://www.google.com/maps/search/?api=1&query=Puskesmas%20Imogiri%20I&query_place_id=ChIJt2CBbQBVei4RUas5DH4rlCA,Puskesmas Imogiri 1.csv,1,False,True,True,True
PKM_BTL_013_R0595_45a0d99f,PKM_BTL_013,Kasihan 1,Puskesmas Kasihan I,Bantul,5,👍,dedy Satria,https://www.google.com/maps/reviews/data=!4m8!14m7!1m6!2m5!1sCi9DQUlRQUNvZENodHljRjlvT2s5dGIzbFlNUzAyYTJWTldXeHJaVGsxU0UxT2VGRRAB!2m1!1s0x0:0x72d4d70bfbef3e25!3m1!1s2@1:CAIQACodChtycF9oOk9tb3lYMS02a2VNWWxrZTk1SE1OeFE%7C%7C?hl=id,https://www.google.com/maps/search/?api=1&query=Puskesmas%20Kasihan%20I&query_place_id=ChIJAWZ_kWH4ei4RJT7v-wvX1HI,Puskesmas Kasihan 1.csv,1,False,True,True,True
PKM_BTL_013_R0748_808997e1,PKM_BTL_013,Kasihan 1,Puskesmas Kasihan I,Bantul,5,👍,Asa,https://www.google.com/maps/reviews/data=!4m8!14m7!1m6!2m5!1sCi9DQUlRQUNvZENodHljRjlvT2xaQ1JtbE9RMHRLWjFGWk5tTmpVVFV5YTFFeFdsRRAB!2m1!1s0x0:0x72d4d70bfbef3e25!3m1!1s2@1:CAIQACodChtycF9oOlZCRmlOQ0tKZ1FZNmNjUTUya1ExWlE%7C%7C?hl=id,https://www.google.com/maps/search/?api=1&query=Puskesmas%20Kasihan%20I&query_place_id=ChIJAWZ_kWH4ei4RJT7v-wvX1HI,Puskesmas Kasihan 1.csv,1,False,True,True,True
PKM_BTL_013_R1369_0da6899d,PKM_BTL_013,Kasihan 1,Puskesmas Kasihan I,Bantul,3,😌,Bayu Noviantoro,https://www.google.com/maps/reviews/data=!4m8!14m7!1m6!2m5!1sChZDSUhNMG9nS0VJQ0FnSURBOGV1TFF3EAE!2m1!1s0x0:0x72d4d70bfbef3e25!3m1!1s2@1:CIHM0ogKEICAgIDA8euLQw%7C%7C?hl=id,https://www.google.com/maps/search/?api=1&query=Puskesmas%20Kasihan%20I&query_place_id=ChIJAWZ_kWH4ei4RJT7v-wvX1HI,Puskesmas Kasihan 1.csv,1,False,True,True,True
PKM_BTL_019_R0174_0fcecb99,PKM_BTL_019,Piyungan,Puskesmas Piyungan,Bantul,5,👍👍👍,RATNA PUSPITASARI,https://www.google.com/maps/reviews/data=!4m8!14m7!1m6!2m5!1sChdDSUhNMG9nS0VJQ0FnSUMxMDdDeWhBRRAB!2m1!1s0x0:0xb23d11ba46298184!3m1!1s2@1:CIHM0ogKEICAgIC107CyhAE%7C%7C?hl=id,https://www.google.com/maps/search/?api=1&query=Puskesmas%20Piyungan&query_place_id=ChIJdwkol95Qei4RhIEpRroRPbI,Puskesmas Piyungan.csv,3,False,True,True,True
PKM_BTL_019_R0265_ba8c7ffd,PKM_BTL_019,Piyungan,Puskesmas Piyungan,Bantul,5,👍,Ainiii Dwiii,https://www.google.com/maps/reviews/data=!4m8!14m7!1m6!2m5!1sChZDSUhNMG9nS0VJQ0FnSUN4dlBHemZREAE!2m1!1s0x0:0xb23d11ba46298184!3m1!1s2@1:CIHM0ogKEICAgICxvPGzfQ%7C%7C?hl=id,https://www.google.com/maps/search/?api=1&query=Puskesmas%20Piyungan&query_place_id=ChIJdwkol95Qei4RhIEpRroRPbI,Puskesmas Piyungan.csv,1,False,True,True,True
PKM_BTL_019_R0267_82616aad,PKM_BTL_019,Piyungan,Puskesmas Piyungan,Bantul,5,👍🏻👍🏻👍🏻,Intan Steva,https://www.google.com/maps/reviews/data=!4m8!14m7!1m6!2m5!1sChdDSUhNMG9nS0VJQ0FnSUN4dkw2QTJBRRAB!2m1!1s0x0:0xb23d11ba46298184!3m1!1s2@1:CIHM0ogKEICAgICxvL6A2AE%7C%7C?hl=id,https://www.google.com/maps/search/?api=1&query=Puskesmas%20Piyungan&query_place_id=ChIJdwkol95Qei4RhIEpRroRPbI,Puskesmas Piyungan.csv,6,False,True,True,True
PKM_BTL_019_R0292_7a4d7ed8,PKM_BTL_019,Piyungan,Puskesmas Piyungan,Bantul,5,👍,Nur Aini,https://www.google.com/maps/reviews/data=!4m8!14m7!1m6!2m5!1sChZDSUhNMG9nS0VJQ0FnSURCLTVIbFhBEAE!2m1!1s0x0:0xb23d11ba46298184!3m1!1s2@1:CIHM0ogKEICAgIDB-5HlXA%7C%7C?hl=id,https://www.google.com/maps/search/?api=1&query=Puskesmas%20Piyungan&query_place_id=ChIJdwkol95Qei4RhIEpRroRPbI,Puskesmas Piyungan.csv,1,False,True,True,True
PKM_BTL_019_R0369_099af4da,PKM_BTL_019,Piyungan,Puskesmas Piyungan,Bantul,4,💭,CupiidMusliha CupidSalon,https://www.google.com/maps/reviews/data=!4m8!14m7!1m6!2m5!1sChZDSUhNMG9nS0VJQ0FnSUNTb3VMMVhBEAE!2m1!1s0x0:0xb23d11ba46298184!3m1!1s2@1:CIHM0ogKEICAgICSouL1XA%7C%7C?hl=id,https://www.google.com/maps/search/?api=1&query=Puskesmas%20Piyungan&query_place_id=ChIJdwkol95Qei4RhIEpRroRPbI,Puskesmas Piyungan.csv,1,False,True,True,True
PKM_BTL_020_R0037_9b98c2ab,PKM_BTL_020,Pleret,Puskesmas Pleret,Bantul,5,👍👍👍,Rahmad Arifin,https://www.google.com/maps/reviews/data=!4m8!14m7!1m6!2m5!1sCi9DQUlRQUNvZENodHljRjlvT21JMWVFdFVjbWRwVURONVZHRlZPVXBmZGsxRFpHYxAB!2m1!1s0x0:0x18b9e1f6e71c94f3!3m1!1s2@1:CAIQACodChtycF9oOmI1eEtUcmdpUDN5VGFVOUpfdk1DZGc%7C%7C?hl=id,https://www.google.com/maps/search/?api=1&query=Puskesmas%20Pleret&query_place_id=ChIJj4ZDADZUei4R85Qc5_bhuRg,Puskesmas Pleret.csv,3,False,True,True,True
PKM_BTL_021_R0136_d6648ea1,PKM_BTL_021,Pundong,Puskesmas Pundong,Bantul,5,👍👍👍,Daniel Chandra,https://www.google.com/maps/reviews/data=!4m8!14m7!1m6!2m5!1sChZDSUhNMG9nS0VJQ0FnSURGNllmakd3EAE!2m1!1s0x0:0x83ac2fc7dfc28203!3m1!1s2@1:CIHM0ogKEICAgIDF6YfjGw%7C%7C?hl=id,https://www.google.com/maps/search/?api=1&query=Puskesmas%20Pundong&query_place_id=ChIJB7xngk9Vei4RA4LC38cvrIM,Puskesmas Pundong.csv,3,False,True,True,True
PKM_BTL_022_R0043_9d08fcfd,PKM_BTL_022,Sanden,Puskesmas Sanden Kabupaten Bantul (IGD),Bantul,5,👍🏻,Nabila Sulaksono,https://www.google.com/maps/reviews/data=!4m8!14m7!1m6!2m5!1sCi9DQUlRQUNvZENodHljRjlvT21OcmNXdzJjekpwVGs5MFF6UkpNelZTY1RGQ1JWRRAB!2m1!1s0x0:0xd4c7a91655875da6!3m1!1s2@1:CAIQACodChtycF9oOmNrcWw2czJpTk90QzRJMzVScTFCRVE%7C%7C?hl=id,https://www.google.com/maps/search/?api=1&query=Puskesmas%20Sanden%20Kabupaten%20Bantul%20(IGD)&query_place_id=ChIJOW9w59gBey4Rpl2HVRapx9Q,Puskesmas Sanden.csv,2,False,True,True,True
PKM_BTL_023_R0059_9177ccc5,PKM_BTL_023,Sedayu 1,Puskesmas Sedayu I,Bantul,5,👍👍👍,SHEILA KHOLIDA NI'MAH,https://www.google.com/maps/reviews/data=!4m8!14m7!1m6!2m5!1sCi9DQUlRQUNvZENodHljRjlvT21aa2NUWXlRMGxDTTNJMFEzRmthVmc0U1RCUlowRRAB!2m1!1s0x0:0xd0e9647028ea9871!3m1!1s2@1:CAIQACodChtycF9oOmZkcTYyQ0lCM3I0Q3FkaVg4STBRZ0E%7C%7C?hl=id,https://www.google.com/maps/search/?api=1&query=Puskesmas%20Sedayu%20I&query_place_id=ChIJDRfjI875ei4RcZjqKHBk6dA,Puskesmas Sedayu 1.csv,3,False,True,True,True
PKM_BTL_023_R0061_c1ff151c,PKM_BTL_023,Sedayu 1,Puskesmas Sedayu I,Bantul,5,👍🏻👍🏻👍🏻,WIDIYA NINGSI,https://www.google.com/maps/reviews/data=!4m8!14m7!1m6!2m5!1sCi9DQUlRQUNvZENodHljRjlvT21Sak1HdFVNVkZHZGw5WU5XeFhSV1JGUjBSb1drRRAB!2m1!1s0x0:0xd0e9647028ea9871!3m1!1s2@1:CAIQACodChtycF9oOmRjMGtUMVFGdl9YNWxXRWRFR0RoWkE%7C%7C?hl=id,https://www.google.com/maps/search/?api=1&query=Puskesmas%20Sedayu%20I&query_place_id=ChIJDRfjI875ei4RcZjqKHBk6dA,Puskesmas Sedayu 1.csv,6,False,True,True,True
PKM_BTL_023_R0130_3d5be74d,PKM_BTL_023,Sedayu 1,Puskesmas Sedayu I,Bantul,5,👍👍,Fernanda Agustian Rynaldhi,https://www.google.com/maps/reviews/data=!4m8!14m7!1m6!2m5!1sChdDSUhNMG9nS0VJQ0FnTURJaWJuUnpBRRAB!2m1!1s0x0:0xd0e9647028ea9871!3m1!1s2@1:CIHM0ogKEICAgMDIibnRzAE%7C%7C?hl=id,https://www.google.com/maps/search/?api=1&query=Puskesmas%20Sedayu%20I&query_place_id=ChIJDRfjI875ei4RcZjqKHBk6dA,Puskesmas Sedayu 1.csv,2,False,True,True,True
PKM_BTL_023_R0365_182a04f8,PKM_BTL_023,Sedayu 1,Puskesmas Sedayu I,Bantul,5,👍,juned abdee,https://www.google.com/maps/reviews/data=!4m8!14m7!1m6!2m5!1sChZDSUhNMG9nS0VJQ0FnSUR1bVliQUdBEAE!2m1!1s0x0:0xd0e9647028ea9871!3m1!1s2@1:CIHM0ogKEICAgIDumYbAGA%7C%7C?hl=id,https://www.google.com/maps/search/?api=1&query=Puskesmas%20Sedayu%20I&query_place_id=ChIJDRfjI875ei4RcZjqKHBk6dA,Puskesmas Sedayu 1.csv,1,False,True,True,True
PKM_BTL_025_R0325_68f7b61a,PKM_BTL_025,Sewon 1,Puskesmas Sewon 1,Bantul,5,👍🏻👍🏻👍🏻,Tasya Leonita,https://www.google.com/maps/reviews/data=!4m8!14m7!1m6!2m5!1sChdDSUhNMG9nS0VJQ0FnSUMxc3FYZWdnRRAB!2m1!1s0x0:0x94796c1653223f58!3m1!1s2@1:CIHM0ogKEICAgIC1sqXeggE%7C%7C?hl=id,https://www.google.com/maps/search/?api=1&query=Puskesmas%20Sewon%201&query_place_id=ChIJa4uZqU1Wei4RWD8iUxZseZQ,Puskesmas Sewon 1.csv,6,False,True,True,True
PKM_BTL_026_R0094_71613919,PKM_BTL_026,Sewon 2,Puskesmas Sewon II,Bantul,5,👍👍💪,Rifaldi 22,https://www.google.com/maps/reviews/data=!4m8!14m7!1m6!2m5!1sChZDSUhNMG9nS0VJQ0FnSURiazVPV1pBEAE!2m1!1s0x0:0x2efa18d922c78ba0!3m1!1s2@1:CIHM0ogKEICAgIDbk5OWZA%7C%7C?hl=id,https://www.google.com/maps/search/?api=1&query=Puskesmas%20Sewon%20II&query_place_id=ChIJE446Lk9Wei4RoIvHItkY-i4,Puskesmas Sewon 2.csv,3,False,True,True,True
PKM_BTL_026_R0260_57671be8,PKM_BTL_026,Sewon 2,Puskesmas Sewon II,Bantul,4,👍👍👍👍,Nurhayati Hayati,https://www.google.com/maps/reviews/data=!4m8!14m7!1m6!2m5!1sChZDSUhNMG9nS0VJQ0FnSUNwbHUtZVRnEAE!2m1!1s0x0:0x2efa18d922c78ba0!3m1!1s2@1:CIHM0ogKEICAgICplu-eTg%7C%7C?hl=id,https://www.google.com/maps/search/?api=1&query=Puskesmas%20Sewon%20II&query_place_id=ChIJE446Lk9Wei4RoIvHItkY-i4,Puskesmas Sewon 2.csv,4,False,True,True,True
PKM_BTL_026_R0367_3429659c,PKM_BTL_026,Sewon 2,Puskesmas Sewon II,Bantul,5,👍👍👍,aprilia iznaini,https://www.google.com/maps/reviews/data=!4m8!14m7!1m6!2m5!1sChZDSUhNMG9nS0VJQ0FnSURtZ0xqLUhnEAE!2m1!1s0x0:0x2efa18d922c78ba0!3m1!1s2@1:CIHM0ogKEICAgIDmgLj-Hg%7C%7C?hl=id,https://www.google.com/maps/search/?api=1&query=Puskesmas%20Sewon%20II&query_place_id=ChIJE446Lk9Wei4RoIvHItkY-i4,Puskesmas Sewon 2.csv,3,False,True,True,True
PKM_SBY_002_R0065_101adda8,PKM_SBY_002,Bangkingan,Puskesmas Bangkingan,Surabaya,1,👎🏾,Abu Albirr,https://www.google.com/maps/reviews/data=!4m8!14m7!1m6!2m5!1sChZDSUhNMG9nS0VJQ0FnSUNQa1lqWk9REAE!2m1!1s0x0:0x89f882de75d6f554!3m1!1s2@1:CIHM0ogKEICAgICPkYjZOQ%7C%7C?hl=id,https://www.google.com/maps/search/?api=1&query=Puskesmas%20Bangkingan&query_place_id=ChIJI3EIexr91y0RVPXWdd6C-Ik,Puskesmas Bangkingan.csv,2,False,True,True,True
PKM_SBY_004_R0331_09edeada,PKM_SBY_004,Bulak  Banteng,Puskesmas Bulak Banteng Kota Surabaya,Surabaya,5,👍,Ricky Eltin,https://www.google.com/maps/reviews/data=!4m8!14m7!1m6!2m5!1sChdDSUhNMG9nS0VJQ0FnSURzanVMdGdnRRAB!2m1!1s0x0:0x714623e8ed426d8b!3m1!1s2@1:CIHM0ogKEICAgIDsjuLtggE%7C%7C?hl=id,https://www.google.com/maps/search/?api=1&query=Puskesmas%20Bulak%20Banteng%20Kota%20Surabaya&query_place_id=ChIJ01ftblf41y0Ri21C7egjRnE,Puskesmas Bulak Banteng.csv,1,False,True,True,True
PKM_SBY_005_R0264_9a019f15,PKM_SBY_005,Dukuh  Kupang,Puskesmas Dukuh Kupang,Surabaya,5,👍👍👍,Andani Kusuma,https://www.google.com/maps/reviews/data=!4m8!14m7!1m6!2m5!1sChZDSUhNMG9nS0VJQ0FnSUN2cjlDUVhREAE!2m1!1s0x0:0x786af2ca9c55b536!3m1!1s2@1:CIHM0ogKEICAgICvr9CQXQ%7C%7C?hl=id,https://www.google.com/maps/search/?api=1&query=Puskesmas%20Dukuh%20Kupang&query_place_id=ChIJN2zWgQn81y0RNrVVnMryang,Puskesmas Dukuh Kupang.csv,3,False,True,True,True
PKM_SBY_007_R0594_a6c08726,PKM_SBY_007,Gunung  Anyar,Puskesmas Gunung Anyar,Surabaya,5,👍,arvin Eko,https://www.google.com/maps/reviews/data=!4m8!14m7!1m6!2m5!1sChdDSUhNMG9nS0VJQ0FnSURlNzZLWm5RRRAB!2m1!1s0x0:0x94966bcf106cd2f3!3m1!1s2@1:CIHM0ogKEICAgIDe76KZnQE%7C%7C?hl=id,https://www.google.com/maps/search/?api=1&query=Puskesmas%20Gunung%20Anyar&query_place_id=ChIJrWqKK8r61y0R89JsEM9rlpQ,Puskesmas Gunung Anyar.csv,1,False,True,True,True
PKM_SBY_008_R0412_cfdb53c2,PKM_SBY_008,Jagir,Puskesmas Jagir,Surabaya,5,🫶🏼🫶🏼,asta kun,https://www.google.com/maps/reviews/data=!4m8!14m7!1m6!2m5!1sChZDSUhNMG9nS0VJQ0FnSUN6OTkzaFBnEAE!2m1!1s0x0:0xb7c67a6874491c6a!3m1!1s2@1:CIHM0ogKEICAgICz993hPg%7C%7C?hl=id,https://www.google.com/maps/search/?api=1&query=Puskesmas%20Jagir&query_place_id=ChIJ6WvclZ_71y0RahxJdGh6xrc,Puskesmas Jagir.csv,4,False,True,True,True
PKM_SBY_009_R0162_fc0571a2,PKM_SBY_009,Jemursari,Puskesmas Jemursari,Surabaya,5,👍,1120025026 FARIS GUNAWAN,https://www.google.com/maps/reviews/data=!4m8!14m7!1m6!2m5!1sCi9DQUlRQUNvZENodHljRjlvT25SblV6bEVVbVIzTUVGSk9EbERWalZUZUdFellrRRAB!2m1!1s0x0:0x7d13c03dd7dac542!3m1!1s2@1:CAIQACodChtycF9oOnRnUzlEUmR3MEFJODlDVjVTeGEzYkE%7C%7C?hl=id,https://www.google.com/maps/search/?api=1&query=Puskesmas%20Jemursari&query_place_id=ChIJ5YNnPxX71y0RQsXa1z3AE30,Puskesmas Jemursari.csv,1,False,True,True,True
PKM_SBY_009_R0163_e3380bbf,PKM_SBY_009,Jemursari,Puskesmas Jemursari,Surabaya,5,👍👍👍,bunssodan cu,https://www.google.com/maps/reviews/data=!4m8!14m7!1m6!2m5!1sCi9DQUlRQUNvZENodHljRjlvT25ZNWFVVk9VWHBvYm0wMlIwOW5kVXhmZVdJMmNsRRAB!2m1!1s0x0:0x7d13c03dd7dac542!3m1!1s2@1:CAIQACodChtycF9oOnY5aUVOUXpobm02R09ndUxfeWI2clE%7C%7C?hl=id,https://www.google.com/maps/search/?api=1&query=Puskesmas%20Jemursari&query_place_id=ChIJ5YNnPxX71y0RQsXa1z3AE30,Puskesmas Jemursari.csv,3,False,True,True,True
PKM_SBY_009_R0301_1681b805,PKM_SBY_009,Jemursari,Puskesmas Jemursari,Surabaya,5,👍🙏,Axellejati9 9,https://www.google.com/maps/reviews/data=!4m8!14m7!1m6!2m5!1sChZDSUhNMG9nS0VJQ0FnSUNyNGVMQklBEAE!2m1!1s0x0:0x7d13c03dd7dac542!3m1!1s2@1:CIHM0ogKEICAgICr4eLBIA%7C%7C?hl=id,https://www.google.com/maps/search/?api=1&query=Puskesmas%20Jemursari&query_place_id=ChIJ5YNnPxX71y0RQsXa1z3AE30,Puskesmas Jemursari.csv,2,False,True,True,True
PKM_SBY_009_R0395_a0e31664,PKM_SBY_009,Jemursari,Puskesmas Jemursari,Surabaya,5,👍👍👍,Nur Qomariyah,https://www.google.com/maps/reviews/data=!4m8!14m7!1m6!2m5!1sChdDSUhNMG9nS0VJQ0FnSUMtNl9qRnJRRRAB!2m1!1s0x0:0x7d13c03dd7dac542!3m1!1s2@1:CIHM0ogKEICAgIC-6_jFrQE%7C%7C?hl=id,https://www.google.com/maps/search/?api=1&query=Puskesmas%20Jemursari&query_place_id=ChIJ5YNnPxX71y0RQsXa1z3AE30,Puskesmas Jemursari.csv,3,False,True,True,True
PKM_SBY_011_R0325_feee9985,PKM_SBY_011,Kebonsari,Puskesmas Kebonsari,Surabaya,5,👍🏼,Mirza Andre,https://www.google.com/maps/reviews/data=!4m8!14m7!1m6!2m5!1sChdDSUhNMG9nS0VJYVdwLXlTNHQtTmpRRRAB!2m1!1s0x0:0xd12f678aa27ffd6a!3m1!1s2@1:CIHM0ogKEIaWp-yS4t-NjQE%7C%7C?hl=id,https://www.google.com/maps/search/?api=1&query=Puskesmas%20Kebonsari&query_place_id=ChIJZ2mrSrX91y0Rav1_oopnL9E,Puskesmas Kebonsari.csv,2,False,True,True,True
PKM_SBY_012_R0335_07183966,PKM_SBY_012,Kedurus,Puskesmas Kedurus,Surabaya,1,📉,YOGA,https://www.google.com/maps/reviews/data=!4m8!14m7!1m6!2m5!1sChdDSUhNMG9nS0VJQ0FnSUNxOGJydG5RRRAB!2m1!1s0x0:0xb5f944a104613268!3m1!1s2@1:CIHM0ogKEICAgICq8brtnQE%7C%7C?hl=id,https://www.google.com/maps/search/?api=1&query=Puskesmas%20Kedurus&query_place_id=ChIJS511ppz81y0RaDJhBKFE-bU,Puskesmas Kedurus.csv,1,False,True,True,True
PKM_SBY_013_R0454_3cd478d6,PKM_SBY_013,Keputih,Puskesmas Keputih,Surabaya,5,👍,Langlang Samudra,https://www.google.com/maps/reviews/data=!4m8!14m7!1m6!2m5!1sChZDSUhNMG9nS0VJQ0FnSUNPZzlYSWVBEAE!2m1!1s0x0:0x48ba1072a2457fc2!3m1!1s2@1:CIHM0ogKEICAgICOg9XIeA%7C%7C?hl=id,https://www.google.com/maps/search/?api=1&query=Puskesmas%20Keputih&query_place_id=ChIJm47-f3D61y0Rwn9FonIQukg,Puskesmas Keputih.csv,1,False,True,True,True
PKM_SBY_014_R0019_7e7201ff,PKM_SBY_014,Klampis  Ngasem,Puskesmas Klampis Ngasem,Surabaya,5,👍👍👍,TUKANG BONGKAR,https://www.google.com/maps/reviews/data=!4m8!14m7!1m6!2m5!1sCi9DQUlRQUNvZENodHljRjlvT2pWMFoyNXdja1pYWW5CM04xTTNRbmRXU1RCcVZtYxAB!2m1!1s0x0:0x53f9ae08982843d7!3m1!1s2@1:CAIQACodChtycF9oOjV0Z25wckZXYnB3N1M3QndWSTBqVmc%7C%7C?hl=id,https://www.google.com/maps/search/?api=1&query=Puskesmas%20Klampis%20Ngasem&query_place_id=ChIJ8QuKjUb61y0R10MomAiu-VM,Puskesmas Klampis Ngasem.csv,3,False,True,True,True
PKM_SBY_014_R0339_82751e6b,PKM_SBY_014,Klampis  Ngasem,Puskesmas Klampis Ngasem,Surabaya,5,👍,Lasmi Atun,https://www.google.com/maps/reviews/data=!4m8!14m7!1m6!2m5!1sChZDSUhNMG9nS0VJQ0FnSURaN2NUWFp3EAE!2m1!1s0x0:0x53f9ae08982843d7!3m1!1s2@1:CIHM0ogKEICAgIDZ7cTXZw%7C%7C?hl=id,https://www.google.com/maps/search/?api=1&query=Puskesmas%20Klampis%20Ngasem&query_place_id=ChIJ8QuKjUb61y0R10MomAiu-VM,Puskesmas Klampis Ngasem.csv,1,False,True,True,True
PKM_SBY_016_R0093_fa28894b,PKM_SBY_016,Menur,Puskesmas Menur,Surabaya,5,👍🏻👍🏻👍🏻👍🏻👍🏻,My Pink,https://www.google.com/maps/reviews/data=!4m8!14m7!1m6!2m5!1sCi9DQUlRQUNvZENodHljRjlvT2xwcVVHTnRRamhITlcxUU5qVmhZWE5WYTJKWFZWRRAB!2m1!1s0x0:0xbe6637ed7920bcc8!3m1!1s2@1:CAIQACodChtycF9oOlpqUGNtQjhHNW1QNjVhYXNVa2JXVVE%7C%7C?hl=id,https://www.google.com/maps/search/?api=1&query=Puskesmas%20Menur&query_place_id=ChIJyy4vvFL61y0RyLwgee03Zr4,Puskesmas Menur.csv,10,False,True,True,True
PKM_SBY_017_R0473_225e59b3,PKM_SBY_017,Morokrembangan,Puskesmas Morokrembangan,Surabaya,5,👍🏻👍🏻👍🏻,Cim Cim,https://www.google.com/maps/reviews/data=!4m8!14m7!1m6!2m5!1sChZDSUhNMG9nS0VJQ0FnSURiay1HaEhnEAE!2m1!1s0x0:0x264f1fbc78061784!3m1!1s2@1:CIHM0ogKEICAgIDbk-GhHg%7C%7C?hl=id,https://www.google.com/maps/search/?api=1&query=Puskesmas%20Morokrembangan&query_place_id=ChIJS8lKGdP-1y0RhBcGeLwfTyY,Puskesmas Morokrembangan.csv,6,False,True,True,True
PKM_SBY_018_R0212_0d3b1f11,PKM_SBY_018,Mulyorejo,Puskesmas Mulyorejo Surabaya,Surabaya,5,👍,Muhammad Farid Widyanto,https://www.google.com/maps/reviews/data=!4m8!14m7!1m6!2m5!1sChdDSUhNMG9nS0VJQ0FnSURqOWYtYjV3RRAB!2m1!1s0x0:0x950d84f5201a27f2!3m1!1s2@1:CIHM0ogKEICAgIDj9f-b5wE%7C%7C?hl=id,https://www.google.com/maps/search/?api=1&query=Puskesmas%20Mulyorejo%20Surabaya&query_place_id=ChIJx1gUt4351y0R8icaIPWEDZU,Puskesmas Mulyorejo.csv,1,False,True,True,True
PKM_SBY_018_R0341_130bcb4e,PKM_SBY_018,Mulyorejo,Puskesmas Mulyorejo Surabaya,Surabaya,5,👍👍,Nonna Dorlen,https://www.google.com/maps/reviews/data=!4m8!14m7!1m6!2m5!1sChdDSUhNMG9nS0VJQ0FnSUQtbmJTdzR3RRAB!2m1!1s0x0:0x950d84f5201a27f2!3m1!1s2@1:CIHM0ogKEICAgID-nbSw4wE%7C%7C?hl=id,https://www.google.com/maps/search/?api=1&query=Puskesmas%20Mulyorejo%20Surabaya&query_place_id=ChIJx1gUt4351y0R8icaIPWEDZU,Puskesmas Mulyorejo.csv,2,False,True,True,True
PKM_SBY_019_R0507_853e70b5,PKM_SBY_019,Ngagel  Rejo,Puskesmas Ngagel Rejo,Surabaya,5,👍🏻👍🏻👍🏻,Silviana Gita Aprillia,https://www.google.com/maps/reviews/data=!4m8!14m7!1m6!2m5!1sChZDSUhNMG9nS0VJQ0FnSUNEOU9xb0JBEAE!2m1!1s0x0:0xd3a872b3e1eb5f8d!3m1!1s2@1:CIHM0ogKEICAgICD9OqoBA%7C%7C?hl=id,https://www.google.com/maps/search/?api=1&query=Puskesmas%20Ngagel%20Rejo&query_place_id=ChIJefQPOLr71y0RjV_r4bNyqNM,Puskesmas Ngagel Rejo.csv,6,False,True,True,True
PKM_SBY_020_R0539_2b71b0b0,PKM_SBY_020,Pakis,Puskesmas Pakis,Surabaya,5,👍,ayu damayanti,https://www.google.com/maps/reviews/data=!4m8!14m7!1m6!2m5!1sChdDSUhNMG9nS0VJQ0FnSURXNW9XYzJnRRAB!2m1!1s0x0:0xd43b22d976532486!3m1!1s2@1:CIHM0ogKEICAgIDW5oWc2gE%7C%7C?hl=id,https://www.google.com/maps/search/?api=1&query=Puskesmas%20Pakis&query_place_id=ChIJL-iCGu771y0RhiRTdtkiO9Q,Puskesmas Pakis.csv,1,False,True,True,True
PKM_SBY_022_R0505_10cbaf19,PKM_SBY_022,Sawah  Pulo,Puskesmas Sawah Pulo,Surabaya,5,😀👍👍👍,Nuris Kiens,https://www.google.com/maps/reviews/data=!4m8!14m7!1m6!2m5!1sChdDSUhNMG9nS0VJQ0FnSUNLcnNmbXl3RRAB!2m1!1s0x0:0xd61971b9f6ea6d4b!3m1!1s2@1:CIHM0ogKEICAgICKrsfmywE%7C%7C?hl=id,https://www.google.com/maps/search/?api=1&query=Puskesmas%20Sawah%20Pulo&query_place_id=ChIJk42mYOH41y0RS23q9rlxGdY,Puskesmas Sawah Pulo.csv,4,False,True,True,True
PKM_SBY_023_R0326_9344fc36,PKM_SBY_023,Sawahan,Puskesmas Sawahan,Surabaya,5,👍,Indra Wati,https://www.google.com/maps/reviews/data=!4m8!14m7!1m6!2m5!1sChdDSUhNMG9nS0VJQ0FnSUN4aVlxVDNBRRAB!2m1!1s0x0:0xf6d46e26bd8d6b60!3m1!1s2@1:CIHM0ogKEICAgICxiYqT3AE%7C%7C?hl=id,https://www.google.com/maps/search/?api=1&query=Puskesmas%20Sawahan&query_place_id=ChIJ6YXzLlj51y0RYGuNvSZu1PY,Puskesmas Sawahan.csv,1,False,True,True,True
PKM_SBY_025_R0179_e32ddd27,PKM_SBY_025,Siwalankerto,UPTD Puskesmas Siwalankerto Surabaya,Surabaya,5,👍🏻👍🏻👍🏻👍🏻,112_Firda Amalia,https://www.google.com/maps/reviews/data=!4m8!14m7!1m6!2m5!1sChZDSUhNMG9nS0VJQ0FnSURCd0tIQkV3EAE!2m1!1s0x0:0x97e4ad5476edc1cb!3m1!1s2@1:CIHM0ogKEICAgIDBwKHBEw%7C%7C?hl=id,https://www.google.com/maps/search/?api=1&query=UPTD%20Puskesmas%20Siwalankerto%20Surabaya&query_place_id=ChIJYdAY4Ef71y0Ry8HtdlSt5Jc,Puskesmas Siwalankerto.csv,8,False,True,True,True
PKM_SBY_027_R0092_d315666f,PKM_SBY_027,Wiyung,Puskesmas Wiyung,Surabaya,5,👍👍👍,Valensia Arita,https://www.google.com/maps/reviews/data=!4m8!14m7!1m6!2m5!1sCi9DQUlRQUNvZENodHljRjlvT2tVMFJIbEZVRE5RY2xSNFpVRnhTVkZMT1hjMWQyYxAB!2m1!1s0x0:0xa10af24bec4e5037!3m1!1s2@1:CAIQACodChtycF9oOkU0RHlFUDNQclR4ZUFxSVFLOXc1d2c%7C%7C?hl=id,https://www.google.com/maps/search/?api=1&query=Puskesmas%20Wiyung&query_place_id=ChIJ2zJO2vT81y0RN1BO7EvyCqE,Puskesmas Wiyung.csv,3,False,True,True,True
PKM_SBY_027_R0207_4bb1a7c2,PKM_SBY_027,Wiyung,Puskesmas Wiyung,Surabaya,5,👍👍,Ismawati Yunita,https://www.google.com/maps/reviews/data=!4m8!14m7!1m6!2m5!1sChZDSUhNMG9nS0VJQ0FnSUNUc29xaE9REAE!2m1!1s0x0:0xa10af24bec4e5037!3m1!1s2@1:CIHM0ogKEICAgICTsoqhOQ%7C%7C?hl=id,https://www.google.com/maps/search/?api=1&query=Puskesmas%20Wiyung&query_place_id=ChIJ2zJO2vT81y0RN1BO7EvyCqE,Puskesmas Wiyung.csv,2,False,True,True,True
PKM_SBY_028_R0312_5cd0b67d,PKM_SBY_028,Wonokromo,Puskesmas Wonokromo,Surabaya,5,✨,Isni Assaidah,https://www.google.com/maps/reviews/data=!4m8!14m7!1m6!2m5!1sChZDSUhNMG9nS0VJQ0FnSUMtNXJXRFJ3EAE!2m1!1s0x0:0xb28c9e2ca60b2f0a!3m1!1s2@1:CIHM0ogKEICAgIC-5rWDRw%7C%7C?hl=id,https://www.google.com/maps/search/?api=1&query=Puskesmas%20Wonokromo&query_place_id=ChIJUdpUkZz71y0RCi8LpiyejLI,Puskesmas Wonokromo.csv,1,False,True,True,True
PKM_SBY_030_R0462_5787e757,PKM_SBY_030,Balongsari,Puskesmas Balongsari,Surabaya,4,👍👍👍,yuli asih,https://www.google.com/maps/reviews/data=!4m8!14m7!1m6!2m5!1sChZDSUhNMG9nS0VJQ0FnSUNhbU95YWJBEAE!2m1!1s0x0:0x9c9af20af91dfde8!3m1!1s2@1:CIHM0ogKEICAgICamOyabA%7C%7C?hl=id,https://www.google.com/maps/search/?api=1&query=Puskesmas%20Balongsari&query_place_id=ChIJu_mw7o_-1y0R6P0d-Qrympw,PuskesmasBalongsari.csv,3,False,True,True,True
PKM_SBY_031_R0527_7b2bb5f1,PKM_SBY_031,Benowo,Puskesmas Benowo,Surabaya,5,👍🏻👍🏻👍🏻,Eka Miftakhul,https://www.google.com/maps/reviews/data=!4m8!14m7!1m6!2m5!1sChdDSUhNMG9nS0VJQ0FnSUM4X3R5R2x3RRAB!2m1!1s0x0:0xc53ba945c6381eb8!3m1!1s2@1:CIHM0ogKEICAgIC8_tyGlwE%7C%7C?hl=id,https://www.google.com/maps/search/?api=1&query=Puskesmas%20Benowo&query_place_id=ChIJZ3wUDIcAeC4RuB44xkWpO8U,PuskesmasBenowo.csv,6,False,True,True,True
PKM_SBY_032_R0541_5ab597ab,PKM_SBY_032,Dr Soetomo,Puskesmas Dr. Soetomo,Surabaya,5,👍👍,Raudah Ferdina Nugraheni,https://www.google.com/maps/reviews/data=!4m8!14m7!1m6!2m5!1sChZDSUhNMG9nS0VJQ0FnTURBbTUzT09nEAE!2m1!1s0x0:0xf9cd07b3264cebd6!3m1!1s2@1:CIHM0ogKEICAgMDAm53OOg%7C%7C?hl=id,https://www.google.com/maps/search/?api=1&query=Puskesmas%20Dr.%20Soetomo&query_place_id=ChIJmQ66xeT71y0R1utMJrMHzfk,PuskesmasDrSoetomo.csv,2,False,True,True,True
PKM_SBY_034_R0052_93e86e21,PKM_SBY_034,Gading,Puskesmas Gading,Surabaya,5,👍👍👍,Agung Handoko,https://www.google.com/maps/reviews/data=!4m8!14m7!1m6!2m5!1sCi9DQUlRQUNvZENodHljRjlvT2xGemFXeHJVMnhzYjNacVdHWklPUzFaUTFWRFJWRRAB!2m1!1s0x0:0x944ea8f8a0237012!3m1!1s2@1:CAIQACodChtycF9oOlFzaWxrU2xsb3ZqWGZIOS1ZQ1VDRVE%7C%7C?hl=id,https://www.google.com/maps/search/?api=1&query=Puskesmas%20Gading&query_place_id=ChIJ9-AEjqD51y0REnAjoPioTpQ,PuskesmasGading.csv,3,False,True,True,True
PKM_SBY_034_R0588_693dad97,PKM_SBY_034,Gading,Puskesmas Gading,Surabaya,5,✨,Achmad Fasal,https://www.google.com/maps/reviews/data=!4m8!14m7!1m6!2m5!1sChdDSUhNMG9nS0VJQ0FnSUNIc1pfeWhnRRAB!2m1!1s0x0:0x944ea8f8a0237012!3m1!1s2@1:CIHM0ogKEICAgICHsZ_yhgE%7C%7C?hl=id,https://www.google.com/maps/search/?api=1&query=Puskesmas%20Gading&query_place_id=ChIJ9-AEjqD51y0REnAjoPioTpQ,PuskesmasGading.csv,1,False,True,True,True
PKM_SBY_034_R0708_3f173ca7,PKM_SBY_034,Gading,Puskesmas Gading,Surabaya,5,👏🏼👍🏼,berliana bilqiis,https://www.google.com/maps/reviews/data=!4m8!14m7!1m6!2m5!1sChZDSUhNMG9nS0VJQ0FnSURycElDQ2FREAE!2m1!1s0x0:0x944ea8f8a0237012!3m1!1s2@1:CIHM0ogKEICAgIDrpICCaQ%7C%7C?hl=id,https://www.google.com/maps/search/?api=1&query=Puskesmas%20Gading&query_place_id=ChIJ9-AEjqD51y0REnAjoPioTpQ,PuskesmasGading.csv,4,False,True,True,True
PKM_SBY_037_R0355_5ea4de63,PKM_SBY_037,Kalirungkut,Puskesmas Kalirungkut,Surabaya,1,👎👎👎👎,yunita muji,https://www.google.com/maps/reviews/data=!4m8!14m7!1m6!2m5!1sChZDSUhNMG9nS0VJQ0FnSUNzMk83dVRnEAE!2m1!1s0x0:0x99732a2ac1bffb9!3m1!1s2@1:CIHM0ogKEICAgICs2O7uTg%7C%7C?hl=id,https://www.google.com/maps/search/?api=1&query=Puskesmas%20Kalirungkut&query_place_id=ChIJgRTD7ub61y0Ruf8brKIylwk,PuskesmasKalirungkut.csv,4,False,True,True,True
PKM_SBY_038_R0074_cbd6b8e1,PKM_SBY_038,Kedungdoro,Puskesmas Kedungdoro,Surabaya,5,👍👍👍👍,Nabila Azzahra Tiara Diska,https://www.google.com/maps/reviews/data=!4m8!14m7!1m6!2m5!1sCi9DQUlRQUNvZENodHljRjlvT25GSlMxRkNWbWhtVkRkbGVrSk9RMFZpZDJoQmVVRRAB!2m1!1s0x0:0x949417ce8ab55c!3m1!1s2@1:CAIQACodChtycF9oOnFJS1FCVmhmVDdlekJOQ0Vid2hBeUE%7C%7C?hl=id,https://www.google.com/maps/search/?api=1&query=Puskesmas%20Kedungdoro&query_place_id=ChIJU9wlPV751y0RXLWKzheUlAA,PuskesmasKedungdoro.csv,4,False,True,True,True
PKM_SBY_038_R0102_a74df35e,PKM_SBY_038,Kedungdoro,Puskesmas Kedungdoro,Surabaya,5,😍,imam santoso,https://www.google.com/maps/reviews/data=!4m8!14m7!1m6!2m5!1sCi9DQUlRQUNvZENodHljRjlvT21odlJFMXVTVFprUWxvNFpUTlFlVVJWYmtSWmIxRRAB!2m1!1s0x0:0x949417ce8ab55c!3m1!1s2@1:CAIQACodChtycF9oOmhvRE1uSTZkQlo4ZTNQeURVbkRZb1E%7C%7C?hl=id,https://www.google.com/maps/search/?api=1&query=Puskesmas%20Kedungdoro&query_place_id=ChIJU9wlPV751y0RXLWKzheUlAA,PuskesmasKedungdoro.csv,1,False,True,True,True
PKM_SBY_039_R0186_18f39002,PKM_SBY_039,Kenjeran,Puskesmas Kenjeran,Surabaya,5,👍,riska kristyas,https://www.google.com/maps/reviews/data=!4m8!14m7!1m6!2m5!1sCi9DQUlRQUNvZENodHljRjlvT25aVWIxbHhWMm80WVhselFYSXdOV1paWVdkMVFtYxAB!2m1!1s0x0:0xaa5bd13f01c2c520!3m1!1s2@1:CAIQACodChtycF9oOnZUb1lxV2o4YXlzQXIwNWZZYWd1Qmc%7C%7C?hl=id,https://www.google.com/maps/search/?api=1&query=Puskesmas%20Kenjeran&query_place_id=ChIJ-0m0rbf51y0RIMXCAT_RW6o,PuskesmasKenjeran.csv,1,False,True,True,True
PKM_SBY_040_R0246_596864a5,PKM_SBY_040,Ketabang,Puskesmas Ketabang,Surabaya,5,👍,Ricky Dharmawan,https://www.google.com/maps/reviews/data=!4m8!14m7!1m6!2m5!1sChZDSUhNMG9nS0VJQ0FnTURneF9UWE93EAE!2m1!1s0x0:0xcbc70cdebe1e1000!3m1!1s2@1:CIHM0ogKEICAgMDgx_TXOw%7C%7C?hl=id,https://www.google.com/maps/search/?api=1&query=Puskesmas%20Ketabang&query_place_id=ChIJ5TRgvmX51y0RABAevt4Mx8s,PuskesmasKetabang.csv,1,False,True,True,True
PKM_SBY_044_R0371_e9083523,PKM_SBY_044,Manukan Kulon,Puskesmas Manukan Kulon,Surabaya,5,👍👍👍👍👍,Mochammad Sholeh,https://www.google.com/maps/reviews/data=!4m8!14m7!1m6!2m5!1sChZDSUhNMG9nS0VJQ0FnSUQtOWFLVkJ3EAE!2m1!1s0x0:0xa4b8dd65164152d7!3m1!1s2@1:CIHM0ogKEICAgID-9aKVBw%7C%7C?hl=id,https://www.google.com/maps/search/?api=1&query=Puskesmas%20Manukan%20Kulon&query_place_id=ChIJK_TTmIf-1y0R11JBFmXduKQ,PuskesmasManukanKulon.csv,5,False,True,True,True
PKM_SBY_044_R0436_b14740d0,PKM_SBY_044,Manukan Kulon,Puskesmas Manukan Kulon,Surabaya,5,👍👍👍👍,Malem Miana,https://www.google.com/maps/reviews/data=!4m8!14m7!1m6!2m5!1sChZDSUhNMG9nS0VJQ0FnSUQteklqQ2VBEAE!2m1!1s0x0:0xa4b8dd65164152d7!3m1!1s2@1:CIHM0ogKEICAgID-zIjCeA%7C%7C?hl=id,https://www.google.com/maps/search/?api=1&query=Puskesmas%20Manukan%20Kulon&query_place_id=ChIJK_TTmIf-1y0R11JBFmXduKQ,PuskesmasManukanKulon.csv,4,False,True,True,True
PKM_SBY_045_R0226_be2d3389,PKM_SBY_045,Medokan Ayu,Puskesmas Medokan Ayu,Surabaya,5,👍🏻,Zhafirah Adriany,https://www.google.com/maps/reviews/data=!4m8!14m7!1m6!2m5!1sCi9DQUlRQUNvZENodHljRjlvT21sSVh6WmxkMHRzVDJKU1UxcFhabk5vYmpGVlZVRRAB!2m1!1s0x0:0xe1e1eff3f58dd482!3m1!1s2@1:CAIQACodChtycF9oOmlIXzZld0tsT2JSU1pXZnNobjFVVUE%7C%7C?hl=id,https://www.google.com/maps/search/?api=1&query=Puskesmas%20Medokan%20Ayu&query_place_id=ChIJV_PwLJj61y0RgtSN9fPv4eE,PuskesmasMedokanAyu.csv,2,False,True,True,True
PKM_SBY_045_R0743_1c8b2f53,PKM_SBY_045,Medokan Ayu,Puskesmas Medokan Ayu,Surabaya,5,👍,Nilasari Widyakartika,https://www.google.com/maps/reviews/data=!4m8!14m7!1m6!2m5!1sChZDSUhNMG9nS0VJQ0FnSUNIaE52WlZ3EAE!2m1!1s0x0:0xe1e1eff3f58dd482!3m1!1s2@1:CIHM0ogKEICAgICHhNvZVw%7C%7C?hl=id,https://www.google.com/maps/search/?api=1&query=Puskesmas%20Medokan%20Ayu&query_place_id=ChIJV_PwLJj61y0RgtSN9fPv4eE,PuskesmasMedokanAyu.csv,1,False,True,True,True
PKM_SBY_046_R0162_ec7a6be8,PKM_SBY_046,Mojo,Puskesmas Mojo Surabaya,Surabaya,5,🇮🇩,"Singgih Tomi Gumilang, SH, MH.",https://www.google.com/maps/reviews/data=!4m8!14m7!1m6!2m5!1sChZDSUhNMG9nS0VQSE5ucmlDNGFMcWVREAE!2m1!1s0x0:0x3a3a9a6547e6ad77!3m1!1s2@1:CIHM0ogKEPHNnriC4aLqeQ%7C%7C?hl=id,https://www.google.com/maps/search/?api=1&query=Puskesmas%20Mojo%20Surabaya&query_place_id=ChIJ83eyNin61y0Rd63mR2WaOjo,PuskesmasMojo.csv,2,False,True,True,True
PKM_SBY_046_R0458_120ac492,PKM_SBY_046,Mojo,Puskesmas Mojo Surabaya,Surabaya,5,👌👍,Satrio Eko,https://www.google.com/maps/reviews/data=!4m8!14m7!1m6!2m5!1sChdDSUhNMG9nS0VJQ0FnTURveHF1aC1BRRAB!2m1!1s0x0:0x3a3a9a6547e6ad77!3m1!1s2@1:CIHM0ogKEICAgMDoxquh-AE%7C%7C?hl=id,https://www.google.com/maps/search/?api=1&query=Puskesmas%20Mojo%20Surabaya&query_place_id=ChIJ83eyNin61y0Rd63mR2WaOjo,PuskesmasMojo.csv,2,False,True,True,True
PKM_SBY_047_R0080_1c72128b,PKM_SBY_047,Pacar Keling,Puskesmas Pacar Keling Surabaya,Surabaya,5,👍👍👍,Rian Niawan,https://www.google.com/maps/reviews/data=!4m8!14m7!1m6!2m5!1sCi9DQUlRQUNvZENodHljRjlvT2w5SVVXMHlRa2hrWkZoQ1RXc3pSVFYxYVhsaGFGRRAB!2m1!1s0x0:0x27ef539dff406129!3m1!1s2@1:CAIQACodChtycF9oOl9IUW0yQkhkZFhCTWszRTV1aXlhaFE%7C%7C?hl=id,https://www.google.com/maps/search/?api=1&query=Puskesmas%20Pacar%20Keling%20Surabaya&query_place_id=ChIJvXFkQXj51y0RKWFA_51T7yc,PuskesmasPacarKeling.csv,3,False,True,True,True
PKM_SBY_047_R0297_9afc0a45,PKM_SBY_047,Pacar Keling,Puskesmas Pacar Keling Surabaya,Surabaya,5,👍🏻,Dwi Sari Kinanti,https://www.google.com/maps/reviews/data=!4m8!14m7!1m6!2m5!1sChdDSUhNMG9nS0VJQ0FnSURaaDYzYXdnRRAB!2m1!1s0x0:0x27ef539dff406129!3m1!1s2@1:CIHM0ogKEICAgIDZh63awgE%7C%7C?hl=id,https://www.google.com/maps/search/?api=1&query=Puskesmas%20Pacar%20Keling%20Surabaya&query_place_id=ChIJvXFkQXj51y0RKWFA_51T7yc,PuskesmasPacarKeling.csv,2,False,True,True,True
PKM_SBY_048_R0157_7c7d4704,PKM_SBY_048,Pegirian,Pegirian Public Health Center,Surabaya,5,❤️❤️❤️,Fhira Phesekz027,https://www.google.com/maps/reviews/data=!4m8!14m7!1m6!2m5!1sChdDSUhNMG9nS0VJQ0FnSUNLaGJLYjBBRRAB!2m1!1s0x0:0xfeab5f920327b790!3m1!1s2@1:CIHM0ogKEICAgICKhbKb0AE%7C%7C?hl=en,https://www.google.com/maps/search/?api=1&query=Pegirian%20Public%20Health%20Center&query_place_id=ChIJm-vcReL41y0RkLcnA5Jfq_4,PuskesmasPegirian.csv,6,False,True,True,True
PKM_SBY_050_R0206_ba0becc8,PKM_SBY_050,Perak Timur,Puskesmas Perak Timur,Surabaya,5,👍👍👍,rini ariestanty,https://www.google.com/maps/reviews/data=!4m8!14m7!1m6!2m5!1sChdDSUhNMG9nS0VPN3NvYmI2Z0syeG53RRAB!2m1!1s0x0:0x8bbdcca093e4082!3m1!1s2@1:CIHM0ogKEO7sobb6gK2xnwE%7C%7C?hl=en,https://www.google.com/maps/search/?api=1&query=Puskesmas%20Perak%20Timur&query_place_id=ChIJG-aOj9741y0RgkA-Ccrcuwg,PuskesmasPerakTimur.csv,3,False,True,True,True
PKM_SBY_051_R0083_f1230f77,PKM_SBY_051,Pucangsewu,Puskesmas Pucang Sewu,Surabaya,5,👍,Dehan Ibnu,https://www.google.com/maps/reviews/data=!4m8!14m7!1m6!2m5!1sCi9DQUlRQUNvZENodHljRjlvT21OQ1ZWbEtlRGRuY3pONWJFdFVlRnBWYVhWTmMyYxAB!2m1!1s0x0:0x7863d4240fa0fda2!3m1!1s2@1:CAIQACodChtycF9oOmNCVVlKeDdnczN5bEtUeFpVaXVNc2c%7C%7C?hl=id,https://www.google.com/maps/search/?api=1&query=Puskesmas%20Pucang%20Sewu&query_place_id=ChIJwQsYH7b71y0Rov2gDyTUY3g,PuskesmasPucangsewu.csv,1,False,True,True,True
PKM_SBY_051_R0325_ae960656,PKM_SBY_051,Pucangsewu,Puskesmas Pucang Sewu,Surabaya,5,👍👍,kawan tiga,https://www.google.com/maps/reviews/data=!4m8!14m7!1m6!2m5!1sChZDSUhNMG9nS0VJQ0FnSURSellIYk13EAE!2m1!1s0x0:0x7863d4240fa0fda2!3m1!1s2@1:CIHM0ogKEICAgIDRzYHbMw%7C%7C?hl=id,https://www.google.com/maps/search/?api=1&query=Puskesmas%20Pucang%20Sewu&query_place_id=ChIJwQsYH7b71y0Rov2gDyTUY3g,PuskesmasPucangsewu.csv,2,False,True,True,True
PKM_SBY_052_R0114_1a2f0075,PKM_SBY_052,Rangkah,Puskesmas Rangkah Surabaya,Surabaya,5,👍🏻👍🏻,hafizh nahar,https://www.google.com/maps/reviews/data=!4m8!14m7!1m6!2m5!1sCi9DQUlRQUNvZENodHljRjlvT2pCeFNtMXlVRkV6VUhkcmRrUXRlRzR5VUZKNFRsRRAB!2m1!1s0x0:0xbe8a7204b21e0364!3m1!1s2@1:CAIQACodChtycF9oOjBxSm1yUFEzUHdrdkQteG4yUFJ4TlE%7C%7C?hl=id,https://www.google.com/maps/search/?api=1&query=Puskesmas%20Rangkah%20Surabaya&query_place_id=ChIJ11eSLKD51y0RZAMesgRyir4,PuskesmasRangkah.csv,4,False,True,True,True
PKM_SBY_052_R0227_8861415e,PKM_SBY_052,Rangkah,Puskesmas Rangkah Surabaya,Surabaya,1,👎,Alfakhrul Zakaria,https://www.google.com/maps/reviews/data=!4m8!14m7!1m6!2m5!1sCi9DQUlRQUNvZENodHljRjlvT205SWEyWnhiVXRCYjNNelpqVkhaazFtUW5WNFEwRRAB!2m1!1s0x0:0xbe8a7204b21e0364!3m1!1s2@1:CAIQACodChtycF9oOm9Ia2ZxbUtBb3MzZjVHZk1mQnV4Q0E%7C%7C?hl=id,https://www.google.com/maps/search/?api=1&query=Puskesmas%20Rangkah%20Surabaya&query_place_id=ChIJ11eSLKD51y0RZAMesgRyir4,PuskesmasRangkah.csv,1,False,True,True,True
PKM_SBY_053_R0408_48b11a6a,PKM_SBY_053,Sememi,Puskesmas Sememi,Surabaya,5,👍,Widya Nugraeni,https://www.google.com/maps/reviews/data=!4m8!14m7!1m6!2m5!1sChdDSUhNMG9nS0VJQ0FnTURBcXZ5dzdnRRAB!2m1!1s0x0:0x8b5f02494beaf2c0!3m1!1s2@1:CIHM0ogKEICAgMDAqvyw7gE%7C%7C?hl=id,https://www.google.com/maps/search/?api=1&query=Puskesmas%20Sememi&query_place_id=ChIJTfvU0mP51y0RwPLqS0kCX4s,PuskesmasSememi.csv,1,False,True,True,True
PKM_SBY_059_R0984_d78c6af9,PKM_SBY_059,Tanah Kali Kedinding,Puskesmas Tanah Kali Kedinding,Surabaya,5,👌🏻👍,Zaitun Firdaus,https://www.google.com/maps/reviews/data=!4m8!14m7!1m6!2m5!1sChdDSUhNMG9nS0VJQ0FnSURPdDVyODR3RRAB!2m1!1s0x0:0x9810d2f3256edfba!3m1!1s2@1:CIHM0ogKEICAgIDOt5r84wE%7C%7C?hl=id,https://www.google.com/maps/search/?api=1&query=Puskesmas%20Tanah%20Kali%20Kedinding&query_place_id=ChIJyzIAYqv51y0Rut9uJfPSEJg,PuskesmasTanahKaliKedinding.csv,3,False,True,True,True
PKM_SBY_060_R0199_3a54bfd1,PKM_SBY_060,Tanjungsari,Puskesmas Tanjungsari,Surabaya,5,👍👍👍,Aldisa Rahma,https://www.google.com/maps/reviews/data=!4m8!14m7!1m6!2m5!1sChZDSUhNMG9nS0VJQ0FnSUNQZ1lDbUJREAE!2m1!1s0x0:0x812d2eab37336fe5!3m1!1s2@1:CIHM0ogKEICAgICPgYCmBQ%7C%7C?hl=id,https://www.google.com/maps/search/?api=1&query=Puskesmas%20Tanjungsari&query_place_id=ChIJNyqXJ5j-1y0R5W8zN6suLYE,PuskesmasTanjungsari.csv,3,False,True,True,True
PKM_SBY_060_R0445_25330370,PKM_SBY_060,Tanjungsari,Puskesmas Tanjungsari,Surabaya,5,👍🏻,YhondafisikkoespragaGoLD Viceroys,https://www.google.com/maps/reviews/data=!4m8!14m7!1m6!2m5!1sChdDSUhNMG9nS0VJQ0FnSUQyc3NhTF93RRAB!2m1!1s0x0:0x812d2eab37336fe5!3m1!1s2@1:CIHM0ogKEICAgID2ssaL_wE%7C%7C?hl=id,https://www.google.com/maps/search/?api=1&query=Puskesmas%20Tanjungsari&query_place_id=ChIJNyqXJ5j-1y0R5W8zN6suLYE,PuskesmasTanjungsari.csv,2,False,True,True,True
PKM_SBY_060_R0507_b39ebd19,PKM_SBY_060,Tanjungsari,Puskesmas Tanjungsari,Surabaya,5,💪👀,Annisa Firanti Rahmaningrum,https://www.google.com/maps/reviews/data=!4m8!14m7!1m6!2m5!1sChZDSUhNMG9nS0VJQ0FnSUMwdWNyT0FnEAE!2m1!1s0x0:0x812d2eab37336fe5!3m1!1s2@1:CIHM0ogKEICAgIC0ucrOAg%7C%7C?hl=id,https://www.google.com/maps/search/?api=1&query=Puskesmas%20Tanjungsari&query_place_id=ChIJNyqXJ5j-1y0R5W8zN6suLYE,PuskesmasTanjungsari.csv,2,False,True,True,True
PKM_SBY_062_R0110_d6d0da87,PKM_SBY_062,Tenggilis,Puskesmas Tenggilis,Surabaya,5,👍👍👍👍👍,Shafa Liaa,https://www.google.com/maps/reviews/data=!4m8!14m7!1m6!2m5!1sCi9DQUlRQUNvZENodHljRjlvT2tkRFZqaEZjazFuZWtOM1duUmZkSGxzYURkM09HYxAB!2m1!1s0x0:0x4ab59b0f0486103!3m1!1s2@1:CAIQACodChtycF9oOkdDVjhFck1nekN3WnRfdHlsaDd3OGc%7C%7C?hl=id,https://www.google.com/maps/search/?api=1&query=Puskesmas%20Tenggilis&query_place_id=ChIJp7dUFx771y0RA2FI8LBZqwQ,PuskesmasTenggilis.csv,5,False,True,True,True
PKM_SBY_062_R0410_11345584,PKM_SBY_062,Tenggilis,Puskesmas Tenggilis,Surabaya,5,👍👍👍👍👍,Tutik Lestari,https://www.google.com/maps/reviews/data=!4m8!14m7!1m6!2m5!1sChdDSUhNMG9nS0VJQ0FnSUNENnUyLTVnRRAB!2m1!1s0x0:0x4ab59b0f0486103!3m1!1s2@1:CIHM0ogKEICAgICD6u2-5gE%7C%7C?hl=id,https://www.google.com/maps/search/?api=1&query=Puskesmas%20Tenggilis&query_place_id=ChIJp7dUFx771y0RA2FI8LBZqwQ,PuskesmasTenggilis.csv,5,False,True,True,True
PKM_SBY_063_R0502_3ea5a91a,PKM_SBY_063,Wonokusumo,Wonokusumo Public Health Center,Surabaya,4,❤️❤️,Mirza Fira,https://www.google.com/maps/reviews/data=!4m8!14m7!1m6!2m5!1sChZDSUhNMG9nS0VJQ0FnSUNUaE5LNmNREAE!2m1!1s0x0:0x89100118c603a306!3m1!1s2@1:CIHM0ogKEICAgICThNK6cQ%7C%7C?hl=en,https://www.google.com/maps/search/?api=1&query=Wonokusumo%20Public%20Health%20Center&query_place_id=ChIJB4jUFfv41y0RBqMDxhgBEIk,PuskesmasWonokusumo.csv,4,False,True,True,True
PKM_SBY_063_R0551_96b4e3f1,PKM_SBY_063,Wonokusumo,Wonokusumo Public Health Center,Surabaya,4,👍🏻👍🏻👍🏻,wen,https://www.google.com/maps/reviews/data=!4m8!14m7!1m6!2m5!1sChZDSUhNMG9nS0VJQ0FnSUNqdzVTRUdnEAE!2m1!1s0x0:0x89100118c603a306!3m1!1s2@1:CIHM0ogKEICAgICjw5SEGg%7C%7C?hl=en,https://www.google.com/maps/search/?api=1&query=Wonokusumo%20Public%20Health%20Center&query_place_id=ChIJB4jUFfv41y0RBqMDxhgBEIk,PuskesmasWonokusumo.csv,6,False,True,True,True
PKM_SMG_001_R0247_82e0a071,PKM_SMG_001,Bandarharjo,Puskesmas Bandarharjo Dadapsari (Pusat),Semarang,5,👍🏻,kendra paramitha,https://www.google.com/maps/reviews/data=!4m8!14m7!1m6!2m5!1sChdDSUhNMG9nS0VJQ0FnSURGMnN6NHZnRRAB!2m1!1s0x0:0x59794b388120e827!3m1!1s2@1:CIHM0ogKEICAgIDF2sz4vgE%7C%7C?hl=id,https://www.google.com/maps/search/?api=1&query=Puskesmas%20Bandarharjo%20Dadapsari%20(Pusat)&query_place_id=ChIJ7yrjL6b0cC4RJ-gggThLeVk,Puskesmas Bandarharjo.csv,2,False,True,True,True
PKM_SMG_002_R0097_bcc6655a,PKM_SMG_002,Bangetayu,Puskesmas Bangetayu,Semarang,5,👍🏼👍🏼👍🏼,Zaimatul Zahro,https://www.google.com/maps/reviews/data=!4m8!14m7!1m6!2m5!1sCi9DQUlRQUNvZENodHljRjlvT204eU0xWlFTSGhXVjJWU1VFVm5PVzVCUXpKeGRuYxAB!2m1!1s0x0:0xec973c8d7d99f431!3m1!1s2@1:CAIQACodChtycF9oOm8yM1ZQSHhWV2VSUEVnOW5BQzJxdnc%7C%7C?hl=en,https://www.google.com/maps/search/?api=1&query=Puskesmas%20Bangetayu&query_place_id=ChIJQecYDtSMcC4RMfSZfY08l-w,Puskesmas Bangetayu.csv,6,False,True,True,True
PKM_SMG_002_R0555_b8b12b9f,PKM_SMG_002,Bangetayu,Puskesmas Bangetayu,Semarang,5,👍👍,Aris Maulana,https://www.google.com/maps/reviews/data=!4m8!14m7!1m6!2m5!1sChdDSUhNMG9nS0VJQ0FnSUROdVpXMXVBRRAB!2m1!1s0x0:0xec973c8d7d99f431!3m1!1s2@1:CIHM0ogKEICAgIDNuZW1uAE%7C%7C?hl=en,https://www.google.com/maps/search/?api=1&query=Puskesmas%20Bangetayu&query_place_id=ChIJQecYDtSMcC4RMfSZfY08l-w,Puskesmas Bangetayu.csv,2,False,True,True,True
PKM_SMG_003_R0130_2fbccd6c,PKM_SMG_003,Bugangan,Puskesmas Bugangan,Semarang,5,👍,Monica Bintari,https://www.google.com/maps/reviews/data=!4m8!14m7!1m6!2m5!1sCi9DQUlRQUNvZENodHljRjlvT2t4RWNVMDJkVzlHV2paMGVrRTBWV1ZzZEdseFRGRRAB!2m1!1s0x0:0x5ca6dcd41475e896!3m1!1s2@1:CAIQACodChtycF9oOkxEcU02dW9GWjZ0ekE0VWVsdGlxTFE%7C%7C?hl=id,https://www.google.com/maps/search/?api=1&query=Puskesmas%20Bugangan&query_place_id=ChIJh3bu40zzcC4Rluh1FNTcplw,Puskesmas Bugangan.csv,1,False,True,True,True
PKM_SMG_003_R0392_4b45ff2a,PKM_SMG_003,Bugangan,Puskesmas Bugangan,Semarang,5,👍👍👍,ISABELLA DIAH AYU,https://www.google.com/maps/reviews/data=!4m8!14m7!1m6!2m5!1sCi9DQUlRQUNvZENodHljRjlvT2xOa1MwNUJSMTlKVERKTVJuQTVVREZ5VkVGU2JtYxAB!2m1!1s0x0:0x5ca6dcd41475e896!3m1!1s2@1:CAIQACodChtycF9oOlNkS05BR19JTDJMRnA5UDFyVEFSbmc%7C%7C?hl=id,https://www.google.com/maps/search/?api=1&query=Puskesmas%20Bugangan&query_place_id=ChIJh3bu40zzcC4Rluh1FNTcplw,Puskesmas Bugangan.csv,3,False,True,True,True
PKM_SMG_003_R0538_3af94df6,PKM_SMG_003,Bugangan,Puskesmas Bugangan,Semarang,5,👍👍👍👍👍,Johan Rhemawan,https://www.google.com/maps/reviews/data=!4m8!14m7!1m6!2m5!1sChZDSUhNMG9nS0VJQ0FnTUNBNmJlNEpnEAE!2m1!1s0x0:0x5ca6dcd41475e896!3m1!1s2@1:CIHM0ogKEICAgMCA6be4Jg%7C%7C?hl=id,https://www.google.com/maps/search/?api=1&query=Puskesmas%20Bugangan&query_place_id=ChIJh3bu40zzcC4Rluh1FNTcplw,Puskesmas Bugangan.csv,5,False,True,True,True
PKM_SMG_003_R1012_eaee711f,PKM_SMG_003,Bugangan,Puskesmas Bugangan,Semarang,5,👍👍👍👍,Melisa Esti,https://www.google.com/maps/reviews/data=!4m8!14m7!1m6!2m5!1sChZDSUhNMG9nS0VJQ0FnSUNHbTZyQ0ZBEAE!2m1!1s0x0:0x5ca6dcd41475e896!3m1!1s2@1:CIHM0ogKEICAgICGm6rCFA%7C%7C?hl=id,https://www.google.com/maps/search/?api=1&query=Puskesmas%20Bugangan&query_place_id=ChIJh3bu40zzcC4Rluh1FNTcplw,Puskesmas Bugangan.csv,4,False,True,True,True
PKM_SMG_004_R0079_5848eebd,PKM_SMG_004,Bulu Lor,Puskesmas Bulu Lor,Semarang,5,👍,Sakdiyati 05,https://www.google.com/maps/reviews/data=!4m8!14m7!1m6!2m5!1sCi9DQUlRQUNvZENodHljRjlvT25KdlVWSjNjM0Z4UkZkUmNrSk9Sa001YzJOcVMwRRAB!2m1!1s0x0:0xd1c4a924e911f665!3m1!1s2@1:CAIQACodChtycF9oOnJvUVJ3c3FxRFdRckJORkM5c2NqS0E%7C%7C?hl=id,https://www.google.com/maps/search/?api=1&query=Puskesmas%20Bulu%20Lor&query_place_id=ChIJgyYMxLT0cC4RZfYR6SSpxNE,Puskesmas Bulu Lor.csv,1,False,True,True,True
PKM_SMG_004_R0356_5e6fa6b1,PKM_SMG_004,Bulu Lor,Puskesmas Bulu Lor,Semarang,5,👍,Bariq Amru Najmuddin,https://www.google.com/maps/reviews/data=!4m8!14m7!1m6!2m5!1sChZDSUhNMG9nS0VJQ0FnSUNScmRudmJnEAE!2m1!1s0x0:0xd1c4a924e911f665!3m1!1s2@1:CIHM0ogKEICAgICRrdnvbg%7C%7C?hl=id,https://www.google.com/maps/search/?api=1&query=Puskesmas%20Bulu%20Lor&query_place_id=ChIJgyYMxLT0cC4RZfYR6SSpxNE,Puskesmas Bulu Lor.csv,1,False,True,True,True
PKM_SMG_004_R0359_bef1b10e,PKM_SMG_004,Bulu Lor,Puskesmas Bulu Lor,Semarang,5,😍😍😍😍😍,CINDY APRILIA,https://www.google.com/maps/reviews/data=!4m8!14m7!1m6!2m5!1sChdDSUhNMG9nS0VJQ0FnSURoNU5mdW5BRRAB!2m1!1s0x0:0xd1c4a924e911f665!3m1!1s2@1:CIHM0ogKEICAgIDh5NfunAE%7C%7C?hl=id,https://www.google.com/maps/search/?api=1&query=Puskesmas%20Bulu%20Lor&query_place_id=ChIJgyYMxLT0cC4RZfYR6SSpxNE,Puskesmas Bulu Lor.csv,5,False,True,True,True
PKM_SMG_005_R0305_6c49c86f,PKM_SMG_005,Candilama,Puskesmas Candilama,Semarang,5,👍👍,Rivalian Saputra,https://www.google.com/maps/reviews/data=!4m8!14m7!1m6!2m5!1sChZDSUhNMG9nS0VJQ0FnSUNick1QME5nEAE!2m1!1s0x0:0x92f4c1264dfc1174!3m1!1s2@1:CIHM0ogKEICAgICbrMP0Ng%7C%7C?hl=en,https://www.google.com/maps/search/?api=1&query=Puskesmas%20Candilama&query_place_id=ChIJfTcYIX6McC4RdBH8TSbB9JI,Puskesmas Candilama.csv,2,False,True,True,True
PKM_SMG_005_R0306_17af8ce3,PKM_SMG_005,Candilama,Puskesmas Candilama,Semarang,5,👍👍,mangunsari makmur,https://www.google.com/maps/reviews/data=!4m8!14m7!1m6!2m5!1sChdDSUhNMG9nS0VJQ0FnSUNicklQeXdnRRAB!2m1!1s0x0:0x92f4c1264dfc1174!3m1!1s2@1:CIHM0ogKEICAgICbrIPywgE%7C%7C?hl=en,https://www.google.com/maps/search/?api=1&query=Puskesmas%20Candilama&query_place_id=ChIJfTcYIX6McC4RdBH8TSbB9JI,Puskesmas Candilama.csv,2,False,True,True,True
PKM_SMG_005_R0376_7343ee9e,PKM_SMG_005,Candilama,Puskesmas Candilama,Semarang,5,👍👍👍,Zufar Erlangga,https://www.google.com/maps/reviews/data=!4m8!14m7!1m6!2m5!1sChdDSUhNMG9nS0VJQ0FnSUNOejVEQjRBRRAB!2m1!1s0x0:0x92f4c1264dfc1174!3m1!1s2@1:CIHM0ogKEICAgICNz5DB4AE%7C%7C?hl=en,https://www.google.com/maps/search/?api=1&query=Puskesmas%20Candilama&query_place_id=ChIJfTcYIX6McC4RdBH8TSbB9JI,Puskesmas Candilama.csv,3,False,True,True,True
PKM_SMG_005_R0380_98791c70,PKM_SMG_005,Candilama,Puskesmas Candilama,Semarang,5,😃,budi hamdani,https://www.google.com/maps/reviews/data=!4m8!14m7!1m6!2m5!1sChZDSUhNMG9nS0VJQ0FnSUNOai1IWE5BEAE!2m1!1s0x0:0x92f4c1264dfc1174!3m1!1s2@1:CIHM0ogKEICAgICNj-HXNA%7C%7C?hl=en,https://www.google.com/maps/search/?api=1&query=Puskesmas%20Candilama&query_place_id=ChIJfTcYIX6McC4RdBH8TSbB9JI,Puskesmas Candilama.csv,1,False,True,True,True
PKM_SMG_006_R0496_2f85641b,PKM_SMG_006,Gayamsari,PUSKESMAS GAYAMSARI,Semarang,5,👍👍,Arief Budiman,https://www.google.com/maps/reviews/data=!4m8!14m7!1m6!2m5!1sChZDSUhNMG9nS0VJQ0FnSUNCNWZPbmJBEAE!2m1!1s0x0:0x3ad3a1adb17dbab0!3m1!1s2@1:CIHM0ogKEICAgICB5fOnbA%7C%7C?hl=en,https://www.google.com/maps/search/?api=1&query=PUSKESMAS%20GAYAMSARI&query_place_id=ChIJtTJxxJSMcC4RsLp9sa2h0zo,Puskesmas Gayamsari.csv,2,False,True,True,True
PKM_SMG_007_R0155_b81b0c0a,PKM_SMG_007,Genuk,Puskesmas Pembantu Pasar Genuk,Semarang,5,👍🏻,068_Lia Anjarwati_B,https://www.google.com/maps/reviews/data=!4m8!14m7!1m6!2m5!1sChZDSUhNMG9nS0VJQ0FnSUNablpiZE5REAE!2m1!1s0x0:0xb47b8aa8a1658c34!3m1!1s2@1:CIHM0ogKEICAgICZnZbdNQ%7C%7C?hl=id,https://www.google.com/maps/search/?api=1&query=Puskesmas%20Pembantu%20Pasar%20Genuk&query_place_id=ChIJ_9mACSnzcC4RNIxloaiKe7Q,Puskesmas Genuk.csv,2,False,True,True,True
PKM_SMG_008_R0076_a82d4a96,PKM_SMG_008,Gunungpati,Puskesmas Gunungpati,Semarang,5,❤️,621010 DINI AISYAH PRASETYO,https://www.google.com/maps/reviews/data=!4m8!14m7!1m6!2m5!1sCi9DQUlRQUNvZENodHljRjlvT21KSWMyeFZjMWs1U2tRMFJHeG1TV2wwTW1acFoyYxAB!2m1!1s0x0:0x3ca8efdc57972940!3m1!1s2@1:CAIQACodChtycF9oOmJIc2xVc1k5SkQ0RGxmSWl0MmZpZ2c%7C%7C?hl=en,https://www.google.com/maps/search/?api=1&query=Puskesmas%20Gunungpati&query_place_id=ChIJfbld_siJcC4RQCmXV9zvqDw,Puskesmas Gunungpati.csv,2,False,True,True,True
PKM_SMG_008_R0790_16366ac5,PKM_SMG_008,Gunungpati,Puskesmas Gunungpati,Semarang,5,👋,Fauzan Lathif,https://www.google.com/maps/reviews/data=!4m8!14m7!1m6!2m5!1sChdDSUhNMG9nS0VJQ0FnSUNxNlA2NnVBRRAB!2m1!1s0x0:0x3ca8efdc57972940!3m1!1s2@1:CIHM0ogKEICAgICq6P66uAE%7C%7C?hl=en,https://www.google.com/maps/search/?api=1&query=Puskesmas%20Gunungpati&query_place_id=ChIJfbld_siJcC4RQCmXV9zvqDw,Puskesmas Gunungpati.csv,1,False,True,True,True
PKM_SMG_009_R0371_522b0498,PKM_SMG_009,Halmahera,Puskesmas Halmahera,Semarang,5,👍👍👍👍👍,Leila Mauza Sajida,https://www.google.com/maps/reviews/data=!4m8!14m7!1m6!2m5!1sChdDSUhNMG9nS0VNRGJyOURGZzZISzhBRRAB!2m1!1s0x0:0x529fa226b00c23eb!3m1!1s2@1:CIHM0ogKEMDbr9DFg6HK8AE%7C%7C?hl=en,https://www.google.com/maps/search/?api=1&query=Puskesmas%20Halmahera&query_place_id=ChIJrXnhB5iMcC4R6yMMsCain1I,Puskesmas Halmahera.csv,5,False,True,True,True
PKM_SMG_009_R0817_9fdedc24,PKM_SMG_009,Halmahera,Puskesmas Halmahera,Semarang,5,🙏🙏🙏,BADHAR FAEYZA PUTRA,https://www.google.com/maps/reviews/data=!4m8!14m7!1m6!2m5!1sChZDSUhNMG9nS0VJQ0FnSUNpbW9ySk9BEAE!2m1!1s0x0:0x529fa226b00c23eb!3m1!1s2@1:CIHM0ogKEICAgICimorJOA%7C%7C?hl=en,https://www.google.com/maps/search/?api=1&query=Puskesmas%20Halmahera&query_place_id=ChIJrXnhB5iMcC4R6yMMsCain1I,Puskesmas Halmahera.csv,3,False,True,True,True
PKM_SMG_009_R0847_499ee1b2,PKM_SMG_009,Halmahera,Puskesmas Halmahera,Semarang,5,🏥🏪,Yulius Bagus Caesar,https://www.google.com/maps/reviews/data=!4m8!14m7!1m6!2m5!1sChdDSUhNMG9nS0VJQ0FnSURBbm9pd3lRRRAB!2m1!1s0x0:0x529fa226b00c23eb!3m1!1s2@1:CIHM0ogKEICAgIDAnoiwyQE%7C%7C?hl=en,https://www.google.com/maps/search/?api=1&query=Puskesmas%20Halmahera&query_place_id=ChIJrXnhB5iMcC4R6yMMsCain1I,Puskesmas Halmahera.csv,2,False,True,True,True
PKM_SMG_011_R0345_ddf8ff0f,PKM_SMG_011,Karangayu,Puskesmas Karangayu,Semarang,5,🙏🙏,semarak rmik,https://www.google.com/maps/reviews/data=!4m8!14m7!1m6!2m5!1sChZDSUhNMG9nS0VJQ0FnSUR0cThMR0NnEAE!2m1!1s0x0:0xfc0c7790c17c14bd!3m1!1s2@1:CIHM0ogKEICAgIDtq8LGCg%7C%7C?hl=id,https://www.google.com/maps/search/?api=1&query=Puskesmas%20Karangayu&query_place_id=ChIJ8wTcNjKLcC4RvRR8wZB3DPw,Puskesmas Karangayu.csv,2,False,True,True,True
PKM_SMG_011_R0466_626036d9,PKM_SMG_011,Karangayu,Puskesmas Karangayu,Semarang,5,👍,Friskila Erna s,https://www.google.com/maps/reviews/data=!4m8!14m7!1m6!2m5!1sChdDSUhNMG9nS0VJQ0FnSURObHFLbzJnRRAB!2m1!1s0x0:0xfc0c7790c17c14bd!3m1!1s2@1:CIHM0ogKEICAgIDNlqKo2gE%7C%7C?hl=id,https://www.google.com/maps/search/?api=1&query=Puskesmas%20Karangayu&query_place_id=ChIJ8wTcNjKLcC4RvRR8wZB3DPw,Puskesmas Karangayu.csv,1,False,True,True,True
PKM_SMG_012_R0110_2e091222,PKM_SMG_012,Karangdoro,"Puskesmas Karangdoro (Pelayanan UGD, Rawat Inap dan Rawat Bersalin 24 Jam)",Semarang,5,🎖️🎖️🎖️🎖️🎖️,Qothrun Nada,https://www.google.com/maps/reviews/data=!4m8!14m7!1m6!2m5!1sCi9DQUlRQUNvZENodHljRjlvT20xNk0waEtiMVF3UWpCaE5XOHpPV2hMVVdRMVdHYxAB!2m1!1s0x0:0xbb50d10027a81fff!3m1!1s2@1:CAIQACodChtycF9oOm16M0hKb1QwQjBhNW8zOWhLUWQ1WGc%7C%7C?hl=id,https://www.google.com/maps/search/?api=1&query=Puskesmas%20Karangdoro%20(Pelayanan%20UGD%2C%20Rawat%20Inap%20dan%20Rawat%20Bersalin%2024%20Jam)&query_place_id=ChIJt3HBmlrzcC4R_x-oJwDRULs,Puskesmas Karangdoro.csv,10,False,True,True,True
PKM_SMG_012_R0115_86666c26,PKM_SMG_012,Karangdoro,"Puskesmas Karangdoro (Pelayanan UGD, Rawat Inap dan Rawat Bersalin 24 Jam)",Semarang,5,⭐️⭐️⭐️⭐️⭐️🥰,muhamad Faski,https://www.google.com/maps/reviews/data=!4m8!14m7!1m6!2m5!1sCi9DQUlRQUNvZENodHljRjlvT2xnMVZsUlFPRzl6VW1GaE16UjBXSFpwZFdvemIyYxAB!2m1!1s0x0:0xbb50d10027a81fff!3m1!1s2@1:CAIQACodChtycF9oOlg1VlRQOG9zUmFhMzR0WHZpdWozb2c%7C%7C?hl=id,https://www.google.com/maps/search/?api=1&query=Puskesmas%20Karangdoro%20(Pelayanan%20UGD%2C%20Rawat%20Inap%20dan%20Rawat%20Bersalin%2024%20Jam)&query_place_id=ChIJt3HBmlrzcC4R_x-oJwDRULs,Puskesmas Karangdoro.csv,11,False,True,True,True
PKM_SMG_012_R0503_e4463f41,PKM_SMG_012,Karangdoro,"Puskesmas Karangdoro (Pelayanan UGD, Rawat Inap dan Rawat Bersalin 24 Jam)",Semarang,5,👍🏻👍🏻,Nita Cahya,https://www.google.com/maps/reviews/data=!4m8!14m7!1m6!2m5!1sChdDSUhNMG9nS0VJQ0FnSUROOXV6WGtBRRAB!2m1!1s0x0:0xbb50d10027a81fff!3m1!1s2@1:CIHM0ogKEICAgIDN9uzXkAE%7C%7C?hl=id,https://www.google.com/maps/search/?api=1&query=Puskesmas%20Karangdoro%20(Pelayanan%20UGD%2C%20Rawat%20Inap%20dan%20Rawat%20Bersalin%2024%20Jam)&query_place_id=ChIJt3HBmlrzcC4R_x-oJwDRULs,Puskesmas Karangdoro.csv,4,False,True,True,True
PKM_SMG_013_R0186_beada5ed,PKM_SMG_013,Karangmalang,Puskesmas Karang Malang,Semarang,5,👌👌👌,Murtini Lucky,https://www.google.com/maps/reviews/data=!4m8!14m7!1m6!2m5!1sChZDSUhNMG9nS0VJQ0FnSURQdzc3V1d3EAE!2m1!1s0x0:0x80b5a93b54ec5a2b!3m1!1s2@1:CIHM0ogKEICAgIDPw77WWw%7C%7C?hl=id,https://www.google.com/maps/search/?api=1&query=Puskesmas%20Karang%20Malang&query_place_id=ChIJ299T8NaJcC4RK1rsVDuptYA,Puskesmas Karangmalang.csv,3,False,True,True,True
PKM_SMG_013_R0257_fa4275d2,PKM_SMG_013,Karangmalang,Puskesmas Karang Malang,Semarang,1,🤦🏻,Budi Setiyawan,https://www.google.com/maps/reviews/data=!4m8!14m7!1m6!2m5!1sChdDSUhNMG9nS0VJQ0FnSUNKbmVqSzl3RRAB!2m1!1s0x0:0x80b5a93b54ec5a2b!3m1!1s2@1:CIHM0ogKEICAgICJnejK9wE%7C%7C?hl=id,https://www.google.com/maps/search/?api=1&query=Puskesmas%20Karang%20Malang&query_place_id=ChIJ299T8NaJcC4RK1rsVDuptYA,Puskesmas Karangmalang.csv,2,False,True,True,True
PKM_SMG_014_R0193_36dc0162,PKM_SMG_014,Kedungmundu,Puskesmas Kedungmundu,Semarang,5,😊,Falentino Souhuwat,https://www.google.com/maps/reviews/data=!4m8!14m7!1m6!2m5!1sCi9DQUlRQUNvZENodHljRjlvT214cWJEaE9abmx3T1V4NFRWbHViVVI0YUZFeU1tYxAB!2m1!1s0x0:0xd65ce1495d3576e2!3m1!1s2@1:CAIQACodChtycF9oOmxqbDhOZnlwOUx4TVlubUR4aFEyMmc%7C%7C?hl=en,https://www.google.com/maps/search/?api=1&query=Puskesmas%20Kedungmundu&query_place_id=ChIJpVnXTVuMcC4R4nY1XUnhXNY,Puskesmas Kedungmundu.csv,1,False,True,True,True
PKM_SMG_014_R0407_33ef8350,PKM_SMG_014,Kedungmundu,Puskesmas Kedungmundu,Semarang,5,👍,Firoh Firoh,https://www.google.com/maps/reviews/data=!4m8!14m7!1m6!2m5!1sCi9DQUlRQUNvZENodHljRjlvT2s0eVJXZzRUbUZXVlZoNFJGaFhjbVJHTldaMFJGRRAB!2m1!1s0x0:0xd65ce1495d3576e2!3m1!1s2@1:CAIQACodChtycF9oOk4yRWg4TmFWVVh4RFhXcmRGNWZ0RFE%7C%7C?hl=en,https://www.google.com/maps/search/?api=1&query=Puskesmas%20Kedungmundu&query_place_id=ChIJpVnXTVuMcC4R4nY1XUnhXNY,Puskesmas Kedungmundu.csv,1,False,True,True,True
PKM_SMG_014_R0495_5f10fbcf,PKM_SMG_014,Kedungmundu,Puskesmas Kedungmundu,Semarang,5,👍🏻👍🏻👍🏻,Ratna Dwi Amalia,https://www.google.com/maps/reviews/data=!4m8!14m7!1m6!2m5!1sChdDSUhNMG9nS0VJQ0FnTUNZOHZDTHd3RRAB!2m1!1s0x0:0xd65ce1495d3576e2!3m1!1s2@1:CIHM0ogKEICAgMCY8vCLwwE%7C%7C?hl=en,https://www.google.com/maps/search/?api=1&query=Puskesmas%20Kedungmundu&query_place_id=ChIJpVnXTVuMcC4R4nY1XUnhXNY,Puskesmas Kedungmundu.csv,6,False,True,True,True
PKM_SMG_014_R0555_cfa0f833,PKM_SMG_014,Kedungmundu,Puskesmas Kedungmundu,Semarang,5,👍🏻👍🏻👍🏻,if nuriyah,https://www.google.com/maps/reviews/data=!4m8!14m7!1m6!2m5!1sChdDSUhNMG9nS0VJQ0FnTURBaGVQVDhnRRAB!2m1!1s0x0:0xd65ce1495d3576e2!3m1!1s2@1:CIHM0ogKEICAgMDAhePT8gE%7C%7C?hl=en,https://www.google.com/maps/search/?api=1&query=Puskesmas%20Kedungmundu&query_place_id=ChIJpVnXTVuMcC4R4nY1XUnhXNY,Puskesmas Kedungmundu.csv,6,False,True,True,True
PKM_SMG_014_R0556_9c3b23e9,PKM_SMG_014,Kedungmundu,Puskesmas Kedungmundu,Semarang,5,👍👍👍👍👍,Febrina Galuh,https://www.google.com/maps/reviews/data=!4m8!14m7!1m6!2m5!1sChZDSUhNMG9nS0VJQ0FnTURBLWZxZ1J3EAE!2m1!1s0x0:0xd65ce1495d3576e2!3m1!1s2@1:CIHM0ogKEICAgMDA-fqgRw%7C%7C?hl=en,https://www.google.com/maps/search/?api=1&query=Puskesmas%20Kedungmundu&query_place_id=ChIJpVnXTVuMcC4R4nY1XUnhXNY,Puskesmas Kedungmundu.csv,5,False,True,True,True
PKM_SMG_014_R0993_53f79211,PKM_SMG_014,Kedungmundu,Puskesmas Kedungmundu,Semarang,5,👍👍,Muhammad Fathoni18,https://www.google.com/maps/reviews/data=!4m8!14m7!1m6!2m5!1sChdDSUhNMG9nS0VJQ0FnSUNOLVpEcTJ3RRAB!2m1!1s0x0:0xd65ce1495d3576e2!3m1!1s2@1:CIHM0ogKEICAgICN-ZDq2wE%7C%7C?hl=en,https://www.google.com/maps/search/?api=1&query=Puskesmas%20Kedungmundu&query_place_id=ChIJpVnXTVuMcC4R4nY1XUnhXNY,Puskesmas Kedungmundu.csv,2,False,True,True,True
PKM_SMG_014_R0994_ce7a48c8,PKM_SMG_014,Kedungmundu,Puskesmas Kedungmundu,Semarang,5,👍,arreza belva,https://www.google.com/maps/reviews/data=!4m8!14m7!1m6!2m5!1sChdDSUhNMG9nS0VJQ0FnSUNOdVkybzNnRRAB!2m1!1s0x0:0xd65ce1495d3576e2!3m1!1s2@1:CIHM0ogKEICAgICNuY2o3gE%7C%7C?hl=en,https://www.google.com/maps/search/?api=1&query=Puskesmas%20Kedungmundu&query_place_id=ChIJpVnXTVuMcC4R4nY1XUnhXNY,Puskesmas Kedungmundu.csv,1,False,True,True,True
PKM_SMG_014_R1201_cc316212,PKM_SMG_014,Kedungmundu,Puskesmas Kedungmundu,Semarang,5,👍🏿,murtini cece,https://www.google.com/maps/reviews/data=!4m8!14m7!1m6!2m5!1sChZDSUhNMG9nS0VJQ0FnSUNHMS1DdFNnEAE!2m1!1s0x0:0xd65ce1495d3576e2!3m1!1s2@1:CIHM0ogKEICAgICG1-CtSg%7C%7C?hl=en,https://www.google.com/maps/search/?api=1&query=Puskesmas%20Kedungmundu&query_place_id=ChIJpVnXTVuMcC4R4nY1XUnhXNY,Puskesmas Kedungmundu.csv,2,False,True,True,True
PKM_SMG_015_R0179_8d2881f4,PKM_SMG_015,Krobokan,Puskesmas Krobokan Lama,Semarang,5,👍,Sri Nurhayatun,https://www.google.com/maps/reviews/data=!4m8!14m7!1m6!2m5!1sCi9DQUlRQUNvZENodHljRjlvT2paVk5YaEZZWEl5YW5GaWMwZEthbUpUTkZWTVpGRRAB!2m1!1s0x0:0xc490370519981ff0!3m1!1s2@1:CAIQACodChtycF9oOjZVNXhFYXIyanFic0dKamJTNFVMZFE%7C%7C?hl=id,https://www.google.com/maps/search/?api=1&query=Puskesmas%20Krobokan%20Lama&query_place_id=ChIJ0S8Ix8z0cC4R8B-YGQU3kMQ,Puskesmas Krobokan.csv,1,False,True,True,True
PKM_SMG_015_R0214_163cb889,PKM_SMG_015,Krobokan,Puskesmas Krobokan Lama,Semarang,5,👍🏻👍🏻👍🏻👍🏻👍🏻,salsaa billaaamp,https://www.google.com/maps/reviews/data=!4m8!14m7!1m6!2m5!1sChdDSUhNMG9nS0VJQ0FnTUN3al9IUnp3RRAB!2m1!1s0x0:0xc490370519981ff0!3m1!1s2@1:CIHM0ogKEICAgMCwj_HRzwE%7C%7C?hl=id,https://www.google.com/maps/search/?api=1&query=Puskesmas%20Krobokan%20Lama&query_place_id=ChIJ0S8Ix8z0cC4R8B-YGQU3kMQ,Puskesmas Krobokan.csv,10,False,True,True,True
PKM_SMG_015_R0320_0572d64e,PKM_SMG_015,Krobokan,Puskesmas Krobokan Lama,Semarang,5,👍👍,naya official,https://www.google.com/maps/reviews/data=!4m8!14m7!1m6!2m5!1sChdDSUhNMG9nS0VJQ0FnSUNIenRUWHBBRRAB!2m1!1s0x0:0xc490370519981ff0!3m1!1s2@1:CIHM0ogKEICAgICHztTXpAE%7C%7C?hl=id,https://www.google.com/maps/search/?api=1&query=Puskesmas%20Krobokan%20Lama&query_place_id=ChIJ0S8Ix8z0cC4R8B-YGQU3kMQ,Puskesmas Krobokan.csv,2,False,True,True,True
PKM_SMG_015_R0415_7c345500,PKM_SMG_015,Krobokan,Puskesmas Krobokan Lama,Semarang,5,👍🏻👍🏻👍🏻,Muammar Nizar,https://www.google.com/maps/reviews/data=!4m8!14m7!1m6!2m5!1sChdDSUhNMG9nS0VJQ0FnSURwLTRHMm93RRAB!2m1!1s0x0:0xc490370519981ff0!3m1!1s2@1:CIHM0ogKEICAgIDp-4G2owE%7C%7C?hl=id,https://www.google.com/maps/search/?api=1&query=Puskesmas%20Krobokan%20Lama&query_place_id=ChIJ0S8Ix8z0cC4R8B-YGQU3kMQ,Puskesmas Krobokan.csv,6,False,True,True,True
PKM_SMG_015_R0468_dd0d7133,PKM_SMG_015,Krobokan,Puskesmas Krobokan Lama,Semarang,5,👍,Dilla R D,https://www.google.com/maps/reviews/data=!4m8!14m7!1m6!2m5!1sChdDSUhNMG9nS0VJQ0FnSURlZzVQVnFRRRAB!2m1!1s0x0:0xc490370519981ff0!3m1!1s2@1:CIHM0ogKEICAgIDeg5PVqQE%7C%7C?hl=id,https://www.google.com/maps/search/?api=1&query=Puskesmas%20Krobokan%20Lama&query_place_id=ChIJ0S8Ix8z0cC4R8B-YGQU3kMQ,Puskesmas Krobokan.csv,1,False,True,True,True
PKM_SMG_016_R0205_fdb6f92e,PKM_SMG_016,Lamper Tengah,UPTD Puskesmas Lamper Tengah,Semarang,5,😗😗😗😗😗,Imam Setiyadi,https://www.google.com/maps/reviews/data=!4m8!14m7!1m6!2m5!1sChdDSUhNMG9nS0VJQ0FnSUN6aTVTdnBRRRAB!2m1!1s0x0:0xe5f2c1d8423a4ea3!3m1!1s2@1:CIHM0ogKEICAgICzi5SvpQE%7C%7C?hl=id,https://www.google.com/maps/search/?api=1&query=UPTD%20Puskesmas%20Lamper%20Tengah&query_place_id=ChIJJ-92_5GMcC4Ro046QtjB8uU,Puskesmas Lamper Tengah.csv,5,False,True,True,True
PKM_SMG_017_R0039_49ccb119,PKM_SMG_017,Lebdosari,Puskesmas Lebdosari,Semarang,5,👍🏻👍🏻👍🏻👍🏻,wisnu hesta,https://www.google.com/maps/reviews/data=!4m8!14m7!1m6!2m5!1sCi9DQUlRQUNvZENodHljRjlvT2xwdVp6ZFhTWFkyYVdNdFpYRnBXalpJZG1WRldHYxAB!2m1!1s0x0:0x729b3f8da282f627!3m1!1s2@1:CAIQACodChtycF9oOlpuZzdXSXY2aWMtZXFpWjZIdmVFWGc%7C%7C?hl=id,https://www.google.com/maps/search/?api=1&query=Puskesmas%20Lebdosari&query_place_id=ChIJl_wVpyCLcC4RJ_aCoo0_m3I,Puskesmas Lebdosari.csv,8,False,True,True,True
PKM_SMG_017_R0676_02a1a41c,PKM_SMG_017,Lebdosari,Puskesmas Lebdosari,Semarang,5,👍🏻👍🏻,Anis Mudikaah,https://www.google.com/maps/reviews/data=!4m8!14m7!1m6!2m5!1sChdDSUhNMG9nS0VJQ0FnSURaa1BiMnhBRRAB!2m1!1s0x0:0x729b3f8da282f627!3m1!1s2@1:CIHM0ogKEICAgIDZkPb2xAE%7C%7C?hl=id,https://www.google.com/maps/search/?api=1&query=Puskesmas%20Lebdosari&query_place_id=ChIJl_wVpyCLcC4RJ_aCoo0_m3I,Puskesmas Lebdosari.csv,4,False,True,True,True
PKM_SMG_021_R0198_3cf93df9,PKM_SMG_021,Miroto,Puskesmas Miroto,Semarang,5,😍😍😍,Nur Halisah,https://www.google.com/maps/reviews/data=!4m8!14m7!1m6!2m5!1sCi9DQUlRQUNvZENodHljRjlvT210MmNWVkRWV0UyYzJGcFVHSXhUVnBFT1RWWWNsRRAB!2m1!1s0x0:0x69a075f4628dbd2a!3m1!1s2@1:CAIQACodChtycF9oOmt2cVVDVWE2c2FpUGIxTVpEOTVYclE%7C%7C?hl=id,https://www.google.com/maps/search/?api=1&query=Puskesmas%20Miroto&query_place_id=ChIJIZS9IFGLcC4RKr2NYvR1oGk,Puskesmas Miroto.csv,3,False,True,True,True
PKM_SMG_022_R0142_15d9615f,PKM_SMG_022,Ngaliyan,Puskesmas Ngaliyan,Semarang,5,👍👍👍👍,Azzahra Sindi,https://www.google.com/maps/reviews/data=!4m8!14m7!1m6!2m5!1sCi9DQUlRQUNvZENodHljRjlvT21FeVNrNVJiMFZMVGpoQlRGaDFiRFExY1Y5eFFWRRAB!2m1!1s0x0:0xaecbdd4062a953cc!3m1!1s2@1:CAIQACodChtycF9oOmEySk5Rb0VLTjhBTFh1bDQ1cV9xQVE%7C%7C?hl=id,https://www.google.com/maps/search/?api=1&query=Puskesmas%20Ngaliyan&query_place_id=ChIJ_9WW7L2KcC4RzFOpYkDdy64,Puskesmas Ngaliyan.csv,4,False,True,True,True
PKM_SMG_022_R0302_5f7a803f,PKM_SMG_022,Ngaliyan,Puskesmas Ngaliyan,Semarang,5,👍🏻👍🏻,Izam Arif,https://www.google.com/maps/reviews/data=!4m8!14m7!1m6!2m5!1sChdDSUhNMG9nS0VJdXBrTGJheEpPWTR3RRAB!2m1!1s0x0:0xaecbdd4062a953cc!3m1!1s2@1:CIHM0ogKEIupkLbaxJOY4wE%7C%7C?hl=id,https://www.google.com/maps/search/?api=1&query=Puskesmas%20Ngaliyan&query_place_id=ChIJ_9WW7L2KcC4RzFOpYkDdy64,Puskesmas Ngaliyan.csv,4,False,True,True,True
PKM_SMG_022_R0992_2d564515,PKM_SMG_022,Ngaliyan,Puskesmas Ngaliyan,Semarang,5,🤙🏻,Ais Septiani,https://www.google.com/maps/reviews/data=!4m8!14m7!1m6!2m5!1sChdDSUhNMG9nS0VJQ0FnSURKcmZiX2t3RRAB!2m1!1s0x0:0xaecbdd4062a953cc!3m1!1s2@1:CIHM0ogKEICAgIDJrfb_kwE%7C%7C?hl=id,https://www.google.com/maps/search/?api=1&query=Puskesmas%20Ngaliyan&query_place_id=ChIJ_9WW7L2KcC4RzFOpYkDdy64,Puskesmas Ngaliyan.csv,2,False,True,True,True
PKM_SMG_023_R0237_7933c5e1,PKM_SMG_023,Ngemplak Simongan,Puskesmas Ngemplak Simongan,Semarang,5,👍,Yayaa Rahmadhani,https://www.google.com/maps/reviews/data=!4m8!14m7!1m6!2m5!1sChZDSUhNMG9nS0VJQ0FnSUROdHZmQUFnEAE!2m1!1s0x0:0xf804bc586d86af7b!3m1!1s2@1:CIHM0ogKEICAgIDNtvfAAg%7C%7C?hl=id,https://www.google.com/maps/search/?api=1&query=Puskesmas%20Ngemplak%20Simongan&query_place_id=ChIJ-2vyDxeLcC4Re6-GbVi8BPg,Puskesmas Ngemplak Simongan.csv,1,False,True,True,True
PKM_SMG_026_R0134_7042a3f5,PKM_SMG_026,Pandanaran,Puskesmas Pandanaran,Semarang,5,👍,Priyo Tomo,https://www.google.com/maps/reviews/data=!4m8!14m7!1m6!2m5!1sCi9DQUlRQUNvZENodHljRjlvT2tvdFZrVlNPV1JsY21zeU0wbGlYMnAxV1RCU1YxRRAB!2m1!1s0x0:0x99ad87cfb67eadcb!3m1!1s2@1:CAIQACodChtycF9oOkotVkVSOWRlcmsyM0liX2p1WTBSV1E%7C%7C?hl=id,https://www.google.com/maps/search/?api=1&query=Puskesmas%20Pandanaran&query_place_id=ChIJNUUY3h2LcC4Ry61-ts-HrZk,Puskesmas Pandanaran.csv,1,False,True,True,True
PKM_SMG_026_R0148_00b175c5,PKM_SMG_026,Pandanaran,Puskesmas Pandanaran,Semarang,5,👍,Sevananda Bramantyo,https://www.google.com/maps/reviews/data=!4m8!14m7!1m6!2m5!1sCi9DQUlRQUNvZENodHljRjlvT2xkQ2JWRnVNMkZOT1RGSFNrdzFkVFZxUVY5UldGRRAB!2m1!1s0x0:0x99ad87cfb67eadcb!3m1!1s2@1:CAIQACodChtycF9oOldCbVFuM2FNOTFHSkw1dTVqQV9RWFE%7C%7C?hl=id,https://www.google.com/maps/search/?api=1&query=Puskesmas%20Pandanaran&query_place_id=ChIJNUUY3h2LcC4Ry61-ts-HrZk,Puskesmas Pandanaran.csv,1,False,True,True,True
PKM_SMG_026_R0162_a57d8f85,PKM_SMG_026,Pandanaran,Puskesmas Pandanaran,Semarang,5,👍👍👍,Mayangsari Hilda,https://www.google.com/maps/reviews/data=!4m8!14m7!1m6!2m5!1sCi9DQUlRQUNvZENodHljRjlvT2xsVVEyeHdORTFUTkcxYVgwZE1RVXREZFhsaU5YYxAB!2m1!1s0x0:0x99ad87cfb67eadcb!3m1!1s2@1:CAIQACodChtycF9oOllUQ2xwNE1TNG1aX0dMQUtDdXliNXc%7C%7C?hl=id,https://www.google.com/maps/search/?api=1&query=Puskesmas%20Pandanaran&query_place_id=ChIJNUUY3h2LcC4Ry61-ts-HrZk,Puskesmas Pandanaran.csv,3,False,True,True,True
PKM_SMG_026_R0165_2a9c10cb,PKM_SMG_026,Pandanaran,Puskesmas Pandanaran,Semarang,5,👍👍👍👍👍,Arsy Arfanda,https://www.google.com/maps/reviews/data=!4m8!14m7!1m6!2m5!1sCi9DQUlRQUNvZENodHljRjlvT2pVNWRGUlBkM1kyZVV0dk1YbGlTREJwYzBOb1pHYxAB!2m1!1s0x0:0x99ad87cfb67eadcb!3m1!1s2@1:CAIQACodChtycF9oOjU5dFRPd3Y2eUtvMXliSDBpc0NoZGc%7C%7C?hl=id,https://www.google.com/maps/search/?api=1&query=Puskesmas%20Pandanaran&query_place_id=ChIJNUUY3h2LcC4Ry61-ts-HrZk,Puskesmas Pandanaran.csv,5,False,True,True,True
PKM_SMG_026_R0166_993f2938,PKM_SMG_026,Pandanaran,Puskesmas Pandanaran,Semarang,5,👍,Ika Rahma Safitri,https://www.google.com/maps/reviews/data=!4m8!14m7!1m6!2m5!1sCi9DQUlRQUNvZENodHljRjlvT21SSVNuRm1YemxsWTJKaGJtUmhlakZGTWtFMlpWRRAB!2m1!1s0x0:0x99ad87cfb67eadcb!3m1!1s2@1:CAIQACodChtycF9oOmRISnFmXzllY2JhbmRhejFFMkE2ZVE%7C%7C?hl=id,https://www.google.com/maps/search/?api=1&query=Puskesmas%20Pandanaran&query_place_id=ChIJNUUY3h2LcC4Ry61-ts-HrZk,Puskesmas Pandanaran.csv,1,False,True,True,True
PKM_SMG_026_R0307_38f39f6c,PKM_SMG_026,Pandanaran,Puskesmas Pandanaran,Semarang,5,❤️❤️❤️❤️❤️❤️,nilam atuningtyas,https://www.google.com/maps/reviews/data=!4m8!14m7!1m6!2m5!1sChdDSUhNMG9nS0VJQ0FnSURmcWV2NjdnRRAB!2m1!1s0x0:0x99ad87cfb67eadcb!3m1!1s2@1:CIHM0ogKEICAgIDfqev67gE%7C%7C?hl=id,https://www.google.com/maps/search/?api=1&query=Puskesmas%20Pandanaran&query_place_id=ChIJNUUY3h2LcC4Ry61-ts-HrZk,Puskesmas Pandanaran.csv,12,False,True,True,True
PKM_SMG_028_R0204_ad8d2bc1,PKM_SMG_028,Poncol,Puskesmas Poncol,Semarang,5,👍🏻👍🏻👍🏻,anggita novia,https://www.google.com/maps/reviews/data=!4m8!14m7!1m6!2m5!1sChdDSUhNMG9nS0VJQ0FnSUNEbWFtNS13RRAB!2m1!1s0x0:0x5a5fb023219453c6!3m1!1s2@1:CIHM0ogKEICAgICDmam5-wE%7C%7C?hl=id,https://www.google.com/maps/search/?api=1&query=Puskesmas%20Poncol&query_place_id=ChIJlfiHfK30cC4RxlOUISOwX1o,Puskesmas Poncol.csv,6,False,True,True,True
PKM_SMG_028_R0330_1b7a8470,PKM_SMG_028,Poncol,Puskesmas Poncol,Semarang,5,👍,aga eppino,https://www.google.com/maps/reviews/data=!4m8!14m7!1m6!2m5!1sChZDSUhNMG9nS0VJQ0FnSUQyeV9MaEN3EAE!2m1!1s0x0:0x5a5fb023219453c6!3m1!1s2@1:CIHM0ogKEICAgID2y_LhCw%7C%7C?hl=id,https://www.google.com/maps/search/?api=1&query=Puskesmas%20Poncol&query_place_id=ChIJlfiHfK30cC4RxlOUISOwX1o,Puskesmas Poncol.csv,1,False,True,True,True
PKM_SMG_030_R0047_e53fdbb5,PKM_SMG_030,Purwoyoso,Puskesmas Purwoyoso,Semarang,5,🔥🔥🔥,Frizila Indri,https://www.google.com/maps/reviews/data=!4m8!14m7!1m6!2m5!1sCi9DQUlRQUNvZENodHljRjlvT2poc1JHRXRSMEpHUm5wS09GVlRhemRTTldWRU5tYxAB!2m1!1s0x0:0x410aef333e6a2fcd!3m1!1s2@1:CAIQACodChtycF9oOjhsRGEtR0JGRnpKOFVTazdSNWVENmc%7C%7C?hl=id,https://www.google.com/maps/search/?api=1&query=Puskesmas%20Purwoyoso&query_place_id=ChIJe3qTB9CKcC4RzS9qPjPvCkE,Puskesmas Purwoyoso.csv,3,False,True,True,True
PKM_SMG_030_R0170_29a948da,PKM_SMG_030,Purwoyoso,Puskesmas Purwoyoso,Semarang,5,👍,Yulia Chairunisa,https://www.google.com/maps/reviews/data=!4m8!14m7!1m6!2m5!1sCi9DQUlRQUNvZENodHljRjlvT2xkVGVGUllWaTFzYjB4eE1VWktSbE5GVVZwaVgyYxAB!2m1!1s0x0:0x410aef333e6a2fcd!3m1!1s2@1:CAIQACodChtycF9oOldTeFRYVi1sb0xxMUZKRlNFUVpiX2c%7C%7C?hl=id,https://www.google.com/maps/search/?api=1&query=Puskesmas%20Purwoyoso&query_place_id=ChIJe3qTB9CKcC4RzS9qPjPvCkE,Puskesmas Purwoyoso.csv,1,False,True,True,True
PKM_SMG_030_R0489_df4357d6,PKM_SMG_030,Purwoyoso,Puskesmas Purwoyoso,Semarang,5,👍🏻👍🏻,salwa dini,https://www.google.com/maps/reviews/data=!4m8!14m7!1m6!2m5!1sChdDSUhNMG9nS0VJQ0FnSUNUbXBtcjlBRRAB!2m1!1s0x0:0x410aef333e6a2fcd!3m1!1s2@1:CIHM0ogKEICAgICTmpmr9AE%7C%7C?hl=id,https://www.google.com/maps/search/?api=1&query=Puskesmas%20Purwoyoso&query_place_id=ChIJe3qTB9CKcC4RzS9qPjPvCkE,Puskesmas Purwoyoso.csv,4,False,True,True,True
PKM_SMG_030_R0582_3eaf7c64,PKM_SMG_030,Purwoyoso,Puskesmas Purwoyoso,Semarang,5,👍🏻👍🏻👍🏻,Marsya Aurel,https://www.google.com/maps/reviews/data=!4m8!14m7!1m6!2m5!1sChZDSUhNMG9nS0VJQ0FnSURkM3NhQklREAE!2m1!1s0x0:0x410aef333e6a2fcd!3m1!1s2@1:CIHM0ogKEICAgIDd3saBIQ%7C%7C?hl=id,https://www.google.com/maps/search/?api=1&query=Puskesmas%20Purwoyoso&query_place_id=ChIJe3qTB9CKcC4RzS9qPjPvCkE,Puskesmas Purwoyoso.csv,6,False,True,True,True
PKM_SMG_030_R0603_c1964f6f,PKM_SMG_030,Purwoyoso,Puskesmas Purwoyoso,Semarang,5,👍🏻👍🏻,Handoro,https://www.google.com/maps/reviews/data=!4m8!14m7!1m6!2m5!1sChZDSUhNMG9nS0VJQ0FnSURkeE02QVBBEAE!2m1!1s0x0:0x410aef333e6a2fcd!3m1!1s2@1:CIHM0ogKEICAgIDdxM6APA%7C%7C?hl=id,https://www.google.com/maps/search/?api=1&query=Puskesmas%20Purwoyoso&query_place_id=ChIJe3qTB9CKcC4RzS9qPjPvCkE,Puskesmas Purwoyoso.csv,4,False,True,True,True
PKM_SMG_030_R0802_aa62b1d2,PKM_SMG_030,Purwoyoso,Puskesmas Purwoyoso,Semarang,5,👍👍👍👍,nabil rashya,https://www.google.com/maps/reviews/data=!4m8!14m7!1m6!2m5!1sChdDSUhNMG9nS0VJQ0FnSURZcFpDOG9BRRAB!2m1!1s0x0:0x410aef333e6a2fcd!3m1!1s2@1:CIHM0ogKEICAgIDYpZC8oAE%7C%7C?hl=id,https://www.google.com/maps/search/?api=1&query=Puskesmas%20Purwoyoso&query_place_id=ChIJe3qTB9CKcC4RzS9qPjPvCkE,Puskesmas Purwoyoso.csv,4,False,True,True,True
PKM_SMG_031_R0137_3ab96c6c,PKM_SMG_031,Rowosari,Puskesmas Rowosari,Semarang,5,🥰👍🏻,Destina Putri,https://www.google.com/maps/reviews/data=!4m8!14m7!1m6!2m5!1sCi9DQUlRQUNvZENodHljRjlvT21SalVtTnlaVU0xVW5OcVlVbDFVMlpTTVdadE0wRRAB!2m1!1s0x0:0x353e515c4fcf8a1!3m1!1s2@1:CAIQACodChtycF9oOmRjUmNyZUM1UnNqYUl1U2ZSMWZtM0E%7C%7C?hl=id,https://www.google.com/maps/search/?api=1&query=Puskesmas%20Rowosari&query_place_id=ChIJG24u2HuOcC4Rofj8xBXlUwM,Puskesmas Rowosari.csv,3,False,True,True,True
PKM_SMG_032_R0265_2611a360,PKM_SMG_032,Sekaran,Puskesmas Sekaran,Semarang,5,👍,Jeti Vysma,https://www.google.com/maps/reviews/data=!4m8!14m7!1m6!2m5!1sCi9DQUlRQUNvZENodHljRjlvT25ORk0wOWtlbWd3TjNkTlpGSXRhVEpXUkZoeGJWRRAB!2m1!1s0x0:0x3b0dbd8b402959ba!3m1!1s2@1:CAIQACodChtycF9oOnNFM09kemgwN3dNZFItaTJWRFhxbVE%7C%7C?hl=id,https://www.google.com/maps/search/?api=1&query=Puskesmas%20Sekaran&query_place_id=ChIJV528zNuLcC4RulkpQIu9DTs,Puskesmas Sekaran.csv,1,False,True,True,True
PKM_SMG_032_R0361_bb710003,PKM_SMG_032,Sekaran,Puskesmas Sekaran,Semarang,5,🥰,Marita Dwi,https://www.google.com/maps/reviews/data=!4m8!14m7!1m6!2m5!1sChRDSUhNMG9nS0VJQ0FnSUMzbmE1dxAB!2m1!1s0x0:0x3b0dbd8b402959ba!3m1!1s2@1:CIHM0ogKEICAgIC3na5w%7C%7C?hl=id,https://www.google.com/maps/search/?api=1&query=Puskesmas%20Sekaran&query_place_id=ChIJV528zNuLcC4RulkpQIu9DTs,Puskesmas Sekaran.csv,1,False,True,True,True
PKM_SMG_033_R0245_b81dbb8b,PKM_SMG_033,Srondol,Puskesmas Srondol,Semarang,5,👍,Gusto Apriza,https://www.google.com/maps/reviews/data=!4m8!14m7!1m6!2m5!1sCi9DQUlRQUNvZENodHljRjlvT2xweFJHMVRZMGh1YVZNMWQzcHBNRGN5ZDNkSlduYxAB!2m1!1s0x0:0x95850af162bbaabd!3m1!1s2@1:CAIQACodChtycF9oOlpxRG1TY0huaVM1d3ppMDcyd3dJWnc%7C%7C?hl=id,https://www.google.com/maps/search/?api=1&query=Puskesmas%20Srondol&query_place_id=ChIJk5XqJ1iJcC4Rvaq7YvEKhZU,Puskesmas Srondol.csv,1,False,True,True,True
PKM_SMG_033_R0910_c4732f22,PKM_SMG_033,Srondol,Puskesmas Srondol,Semarang,4,👍,Yunita Dwi ardiyani,https://www.google.com/maps/reviews/data=!4m8!14m7!1m6!2m5!1sCi9DQUlRQUNvZENodHljRjlvT25Bd00yOTViVzVqWWxKcU1GbDVXRFpFT1dKVGEwRRAB!2m1!1s0x0:0x95850af162bbaabd!3m1!1s2@1:CAIQACodChtycF9oOnAwM295bW5jYlJqMFl5WDZEOWJTa0E%7C%7C?hl=id,https://www.google.com/maps/search/?api=1&query=Puskesmas%20Srondol&query_place_id=ChIJk5XqJ1iJcC4Rvaq7YvEKhZU,Puskesmas Srondol.csv,1,False,True,True,True
PKM_SMG_033_R1008_70883b01,PKM_SMG_033,Srondol,Puskesmas Srondol,Semarang,5,👌🏼👍🏼👍🏼👍🏼👍🏼,POV Of X,https://www.google.com/maps/reviews/data=!4m8!14m7!1m6!2m5!1sChdDSUhNMG9nS0VPdTF4TzJLeTluZ2lRRRAB!2m1!1s0x0:0x95850af162bbaabd!3m1!1s2@1:CIHM0ogKEOu1xO2Ky9ngiQE%7C%7C?hl=id,https://www.google.com/maps/search/?api=1&query=Puskesmas%20Srondol&query_place_id=ChIJk5XqJ1iJcC4Rvaq7YvEKhZU,Puskesmas Srondol.csv,10,False,True,True,True
PKM_SMG_033_R1017_a6db4b1e,PKM_SMG_033,Srondol,Puskesmas Srondol,Semarang,5,👍🏾,devi amartyak,https://www.google.com/maps/reviews/data=!4m8!14m7!1m6!2m5!1sChZDSUhNMG9nS0VLV3UxdVh0M3E2WE5nEAE!2m1!1s0x0:0x95850af162bbaabd!3m1!1s2@1:CIHM0ogKEKWu1uXt3q6XNg%7C%7C?hl=id,https://www.google.com/maps/search/?api=1&query=Puskesmas%20Srondol&query_place_id=ChIJk5XqJ1iJcC4Rvaq7YvEKhZU,Puskesmas Srondol.csv,2,False,True,True,True
PKM_SMG_033_R1282_ec98a98a,PKM_SMG_033,Srondol,Puskesmas Srondol,Semarang,5,👍👍👍👍👍,febrina galuh,https://www.google.com/maps/reviews/data=!4m8!14m7!1m6!2m5!1sChZDSUhNMG9nS0VJQ0FnSUNYcHV6VEZREAE!2m1!1s0x0:0x95850af162bbaabd!3m1!1s2@1:CIHM0ogKEICAgICXpuzTFQ%7C%7C?hl=id,https://www.google.com/maps/search/?api=1&query=Puskesmas%20Srondol&query_place_id=ChIJk5XqJ1iJcC4Rvaq7YvEKhZU,Puskesmas Srondol.csv,5,False,True,True,True
PKM_SMG_035_R0012_3434b4f8,PKM_SMG_035,Telogosari Kulon,UPTD Puskesmas Tlogosari Kulon,Semarang,5,👍,jihan febrita,https://www.google.com/maps/reviews/data=!4m8!14m7!1m6!2m5!1sCi9DQUlRQUNvZENodHljRjlvT2pBelVuWXRNVEZPUm1aTk5rVlBValZ5VVVkM00zYxAB!2m1!1s0x0:0xfec9793cf32c96a8!3m1!1s2@1:CAIQACodChtycF9oOjAzUnYtMTFORmZNNkVPUjVyUUd3M3c%7C%7C?hl=id,https://www.google.com/maps/search/?api=1&query=UPTD%20Puskesmas%20Tlogosari%20Kulon&query_place_id=ChIJp2J5586McC4RqJYs8zx5yf4,Puskesmas Telogosari Kulon.csv,1,False,True,True,True
PKM_SMG_035_R0069_731fdd19,PKM_SMG_035,Telogosari Kulon,UPTD Puskesmas Tlogosari Kulon,Semarang,5,🤩,Darryl Christianh,https://www.google.com/maps/reviews/data=!4m8!14m7!1m6!2m5!1sCi9DQUlRQUNvZENodHljRjlvT2xjNVZVMTVYMDVKVG1ZME5FUmFZakEwVFRkVlJGRRAB!2m1!1s0x0:0xfec9793cf32c96a8!3m1!1s2@1:CAIQACodChtycF9oOlc5VU15X05JTmY0NERaYjA0TTdVRFE%7C%7C?hl=id,https://www.google.com/maps/search/?api=1&query=UPTD%20Puskesmas%20Tlogosari%20Kulon&query_place_id=ChIJp2J5586McC4RqJYs8zx5yf4,Puskesmas Telogosari Kulon.csv,1,False,True,True,True
PKM_SMG_035_R0180_3192815a,PKM_SMG_035,Telogosari Kulon,UPTD Puskesmas Tlogosari Kulon,Semarang,5,👍🏼👍🏼👍🏼,Desi Rohmawati,https://www.google.com/maps/reviews/data=!4m8!14m7!1m6!2m5!1sChdDSUhNMG9nS0VJQ0FnSURYb2J1THlnRRAB!2m1!1s0x0:0xfec9793cf32c96a8!3m1!1s2@1:CIHM0ogKEICAgIDXobuLygE%7C%7C?hl=id,https://www.google.com/maps/search/?api=1&query=UPTD%20Puskesmas%20Tlogosari%20Kulon&query_place_id=ChIJp2J5586McC4RqJYs8zx5yf4,Puskesmas Telogosari Kulon.csv,6,False,True,True,True
PKM_SMG_035_R0387_3c5acf50,PKM_SMG_035,Telogosari Kulon,UPTD Puskesmas Tlogosari Kulon,Semarang,5,👍👍👍👍👍,kimpoute mini,https://www.google.com/maps/reviews/data=!4m8!14m7!1m6!2m5!1sChdDSUhNMG9nS0VJQ0FnSUNIek1MX3NnRRAB!2m1!1s0x0:0xfec9793cf32c96a8!3m1!1s2@1:CIHM0ogKEICAgICHzML_sgE%7C%7C?hl=id,https://www.google.com/maps/search/?api=1&query=UPTD%20Puskesmas%20Tlogosari%20Kulon&query_place_id=ChIJp2J5586McC4RqJYs8zx5yf4,Puskesmas Telogosari Kulon.csv,5,False,True,True,True
PKM_SMG_035_R1472_03c77f65,PKM_SMG_035,Telogosari Kulon,UPTD Puskesmas Tlogosari Kulon,Semarang,5,🖤🖤🖤🖤,Marsella Lestari,https://www.google.com/maps/reviews/data=!4m8!14m7!1m6!2m5!1sChdDSUhNMG9nS0VJQ0FnSURUNnZ5Rm9BRRAB!2m1!1s0x0:0xfec9793cf32c96a8!3m1!1s2@1:CIHM0ogKEICAgIDT6vyFoAE%7C%7C?hl=id,https://www.google.com/maps/search/?api=1&query=UPTD%20Puskesmas%20Tlogosari%20Kulon&query_place_id=ChIJp2J5586McC4RqJYs8zx5yf4,Puskesmas Telogosari Kulon.csv,4,False,True,True,True
PKM_SMG_036_R0085_b801dd20,PKM_SMG_036,Telogosari Wetan,Puskesmas Tlogosari Wetan,Semarang,5,👍🏻👍🏻,Dea Qeysum,https://www.google.com/maps/reviews/data=!4m8!14m7!1m6!2m5!1sCi9DQUlRQUNvZENodHljRjlvT2xCM2JXNWtaemt0Ukcxa1UwNXdWVEV5VUhoWk1WRRAB!2m1!1s0x0:0x7561c768370acb9e!3m1!1s2@1:CAIQACodChtycF9oOlB3bW5kZzktRG1kU05wVTEyUHhZMVE%7C%7C?hl=id,https://www.google.com/maps/search/?api=1&query=Puskesmas%20Tlogosari%20Wetan&query_place_id=ChIJ6V-NcOaMcC4RnssKN2jHYXU,Puskesmas Telogosari Wetan.csv,4,False,True,True,True
PKM_SMG_036_R0191_097e5764,PKM_SMG_036,Telogosari Wetan,Puskesmas Tlogosari Wetan,Semarang,5,🫶🏻🫶🏻🫶🏻,Mfth Aliyah_,https://www.google.com/maps/reviews/data=!4m8!14m7!1m6!2m5!1sChZDSUhNMG9nS0VJQ0FnTURvOHJyMkJ3EAE!2m1!1s0x0:0x7561c768370acb9e!3m1!1s2@1:CIHM0ogKEICAgMDo8rr2Bw%7C%7C?hl=id,https://www.google.com/maps/search/?api=1&query=Puskesmas%20Tlogosari%20Wetan&query_place_id=ChIJ6V-NcOaMcC4RnssKN2jHYXU,Puskesmas Telogosari Wetan.csv,6,False,True,True,True
PKM_SMG_037_R0449_01cdc365,PKM_SMG_037,Karanganyar,UPTD Puskesmas Karanganyar,Semarang,5,💯,anindar cahya,https://www.google.com/maps/reviews/data=!4m8!14m7!1m6!2m5!1sChdDSUhNMG9nS0VJQ0FnSUNObzRfTXdBRRAB!2m1!1s0x0:0x1fa6916eae0a771f!3m1!1s2@1:CIHM0ogKEICAgICNo4_MwAE%7C%7C?hl=id,https://www.google.com/maps/search/?api=1&query=UPTD%20Puskesmas%20Karanganyar&query_place_id=ChIJLV7SDlf1cC4RH3cKrm6Rph8,PuskesmasKaranganyar.csv,1,False,True,True,True
PKM_SMG_037_R0493_c90823d0,PKM_SMG_037,Karanganyar,UPTD Puskesmas Karanganyar,Semarang,4,👌🏻🙂,Chairul M.Ç.S,https://www.google.com/maps/reviews/data=!4m8!14m7!1m6!2m5!1sChdDSUhNMG9nS0VJQ0FnSUR1X29YSzlRRRAB!2m1!1s0x0:0x1fa6916eae0a771f!3m1!1s2@1:CIHM0ogKEICAgIDu_oXK9QE%7C%7C?hl=id,https://www.google.com/maps/search/?api=1&query=UPTD%20Puskesmas%20Karanganyar&query_place_id=ChIJLV7SDlf1cC4RH3cKrm6Rph8,PuskesmasKaranganyar.csv,3,False,True,True,True
